LoanID,LoanCode,MemberUUID,LoanAmount,ApplicationDate,LoanType,MasterUUID,Month
385d1b24-aed8-4e68-bbf4-54a713b88163,TTMPCL-001,11a67fe7-d8bf-4487-9f6f-104229cd0c1c,250000.0,2023-11-21,Consolidated,033ee878-b392-49cd-baf6-51035f98ca60,11
5388fb70-584f-4ba0-bf23-c0be70fd9aaa,TTMPCL-002,11a67fe7-d8bf-4487-9f6f-104229cd0c1c,230000.0,2025-01-08,Consolidated,033ee878-b392-49cd-baf6-51035f98ca60,1
0a4badfe-9d37-4b5e-b353-febbdd88ded6,TTMPCL-004,77588c9f-188e-40bd-8dd8-522582ed52e3,20000.0,2023-12-21,Consolidated,fb4ddc32-7968-4ec6-a577-292721c22597,12
cab4241c-b948-4fdf-a64d-5f252a1bf9f4,TTMPCL-005,77588c9f-188e-40bd-8dd8-522582ed52e3,40000.0,2024-05-11,Consolidated,fb4ddc32-7968-4ec6-a577-292721c22597,5
ce51f14b-4939-4311-9cf3-8ccb8c946f22,TTMPCL-006,77588c9f-188e-40bd-8dd8-522582ed52e3,40000.0,2024-12-06,Consolidated,fb4ddc32-7968-4ec6-a577-292721c22597,12
27aaea20-ca7f-4cc6-85f5-de2dbcc781b7,TTMPCL-007,77588c9f-188e-40bd-8dd8-522582ed52e3,50000.0,2025-09-17,Consolidated,fb4ddc32-7968-4ec6-a577-292721c22597,9
cd78906b-0c9a-424e-ba23-c6527cc3a1a1,TTMPCL-008,77588c9f-188e-40bd-8dd8-522582ed52e3,20000.0,2024-08-02,Emergency,fb4ddc32-7968-4ec6-a577-292721c22597,8
61f31081-844d-4c73-b9b6-cb2e06a325a3,TTMPCL-009,2aa1907e-8f41-455a-bf46-ba3942d946aa,600000.0,2022-10-18,Consolidated,b4abca4f-83b9-49a2-9ad4-2febb12fb456,10
f168a4ef-b420-460e-9ae0-3a624ecc428e,TTMPCL-010,2aa1907e-8f41-455a-bf46-ba3942d946aa,600000.0,2023-10-20,Consolidated,b4abca4f-83b9-49a2-9ad4-2febb12fb456,10
7b80cd3b-c2b3-4639-87f4-0a042ae57be3,TTMPCL-011,2aa1907e-8f41-455a-bf46-ba3942d946aa,700000.0,2024-12-05,Consolidated,b4abca4f-83b9-49a2-9ad4-2febb12fb456,12
896a6f5f-7535-43b5-8293-c420d04f62a2,TTMPCL-012,6b6567bf-0708-4755-9074-51388e5a84b8,50000.0,2022-10-19,Consolidated,c3d1d7a7-e1d6-4225-a559-c361929eecb2,10
b6b63529-0a38-413e-ad90-8a9a5a0de059,TTMPCL-013,6b6567bf-0708-4755-9074-51388e5a84b8,45000.0,2024-05-23,Consolidated,c3d1d7a7-e1d6-4225-a559-c361929eecb2,5
8781f998-b325-4e58-8146-b3e443483547,TTMPCL-014,6b6567bf-0708-4755-9074-51388e5a84b8,45000.0,2024-12-20,Consolidated,c3d1d7a7-e1d6-4225-a559-c361929eecb2,12
ea53a9bb-33c8-4300-9d4f-823466189143,TTMPCL-015,6b6567bf-0708-4755-9074-51388e5a84b8,60000.0,2025-08-08,Consolidated,c3d1d7a7-e1d6-4225-a559-c361929eecb2,8
5d990093-b468-4fa8-9baf-1b2d3f67587a,TTMPCL-016,bbbabb71-3953-4dff-82d9-300bc92c42a6,275000.0,2022-08-12,Consolidated,4743db6e-9a71-46f9-9b1c-f6acea49fc0b,8
a99f4378-0cba-4226-9e11-7d251c600c9d,TTMPCL-017,bbbabb71-3953-4dff-82d9-300bc92c42a6,275000.0,2023-08-04,Consolidated,4743db6e-9a71-46f9-9b1c-f6acea49fc0b,8
a298ec71-1478-4905-b78d-b9109ff36460,TTMPCL-018,bbbabb71-3953-4dff-82d9-300bc92c42a6,275000.0,2024-04-06,Consolidated,4743db6e-9a71-46f9-9b1c-f6acea49fc0b,4
ced1c4ec-aa79-421e-b8fd-eade6cb54b36,TTMPCL-019,bbbabb71-3953-4dff-82d9-300bc92c42a6,275000.0,2024-11-12,Consolidated,4743db6e-9a71-46f9-9b1c-f6acea49fc0b,11
c84c0451-32f6-486d-bd4f-3569c2861fc5,TTMPCL-020,bbbabb71-3953-4dff-82d9-300bc92c42a6,300000.0,2025-08-08,Consolidated,4743db6e-9a71-46f9-9b1c-f6acea49fc0b,8
7f387ad9-c29a-49f8-80b2-04efe14b36f6,TTMPCL-021,59c8f4f4-4c79-4181-add5-ef803d4a75d4,40000.0,2022-08-06,Consolidated,79b3fc3a-ff89-4144-b673-d6a2e1dba1c0,8
e36d0393-1fdd-4af9-ab8f-2f77b9bc8345,TTMPCL-022,59c8f4f4-4c79-4181-add5-ef803d4a75d4,300000.0,2023-07-04,Consolidated,79b3fc3a-ff89-4144-b673-d6a2e1dba1c0,7
d4e21e26-a9ae-4e42-bb92-01ddb6f00c59,TTMPCL-023,59c8f4f4-4c79-4181-add5-ef803d4a75d4,20000.0,2023-03-10,Emergency,79b3fc3a-ff89-4144-b673-d6a2e1dba1c0,3
308d1c35-1710-491d-bce3-bc691931ff1b,TTMPCL-024,d61abc74-dce2-4ab2-b564-6911c5ec5003,50000.0,2022-12-13,Consolidated,ff4ea4e4-cf0c-49cd-ab3c-54db25d8021d,12
ea3fcd4f-ca28-420d-8f96-1268c878f4b5,TTMPCL-025,d61abc74-dce2-4ab2-b564-6911c5ec5003,70000.0,2023-08-24,Consolidated,ff4ea4e4-cf0c-49cd-ab3c-54db25d8021d,8
a43d0c80-80d0-4e5e-adad-19587aeaee97,TTMPCL-026,d61abc74-dce2-4ab2-b564-6911c5ec5003,150000.0,2024-02-29,Consolidated,ff4ea4e4-cf0c-49cd-ab3c-54db25d8021d,2
5163b1c2-2015-456c-8135-63f43b4e55f4,TTMPCL-027,d61abc74-dce2-4ab2-b564-6911c5ec5003,150000.0,2024-08-21,Consolidated,ff4ea4e4-cf0c-49cd-ab3c-54db25d8021d,8
f792e9e2-8035-4385-bea9-9cb8d664edbd,TTMPCL-028,d61abc74-dce2-4ab2-b564-6911c5ec5003,10000.0,2023-10-04,Emergency,ff4ea4e4-cf0c-49cd-ab3c-54db25d8021d,10
a42b0150-2795-4e81-b9ba-b15f3585ecf5,TTMPCL-029,d61abc74-dce2-4ab2-b564-6911c5ec5003,20000.0,2025-08-27,Emergency,ff4ea4e4-cf0c-49cd-ab3c-54db25d8021d,8
861ba406-bb4d-4c6b-9d60-fcc39c830d66,TTMPCL-037,ef9de0c9-2244-409e-90de-98fb0bd21d90,470000.0,2022-09-06,Consolidated,065f0f44-8dad-4784-bc3b-02fd8a9c7a4d,9
26787e94-aafd-48a8-857e-cd3eef7cc4e8,TTMPCL-038,ef9de0c9-2244-409e-90de-98fb0bd21d90,410000.0,2023-08-09,Consolidated,065f0f44-8dad-4784-bc3b-02fd8a9c7a4d,8
9b6b54af-2bd0-4f4c-85e5-ba6efac9e7b9,TTMPCL-039,ef9de0c9-2244-409e-90de-98fb0bd21d90,380000.0,2024-04-12,Consolidated,065f0f44-8dad-4784-bc3b-02fd8a9c7a4d,4
e816ca86-a47b-4331-830c-c115545ba952,TTMPCL-040,ef9de0c9-2244-409e-90de-98fb0bd21d90,470000.0,2025-08-13,Consolidated,065f0f44-8dad-4784-bc3b-02fd8a9c7a4d,8
97fc6328-4ca5-48fe-992f-c5baafb7964e,TTMPCL-041,c2615bc5-2979-4860-8d3f-f1337747c2db,60000.0,2022-09-03,Consolidated,2e9cbc1f-eca7-4ef2-8202-d2e94628228b,9
85696482-aff7-4db2-b4b5-02aece3b2402,TTMPCL-042,c2615bc5-2979-4860-8d3f-f1337747c2db,100000.0,2023-03-28,Consolidated,2e9cbc1f-eca7-4ef2-8202-d2e94628228b,3
93029634-f1ac-45a4-905f-cfc54f737153,TTMPCL-043,c2615bc5-2979-4860-8d3f-f1337747c2db,100000.0,2024-07-26,Consolidated,2e9cbc1f-eca7-4ef2-8202-d2e94628228b,7
b86a47d6-235e-4a0e-af56-1917747081ba,TTMPCL-044,021b4a6e-ba13-40c7-8f08-d22f29c889aa,50000.0,2024-03-27,Consolidated,a0f09bf0-f113-4dff-8bf5-272cd286bfad,3
73cae9b0-71bb-4546-9923-69f01d7517ae,TTMPCL-045,8824b9d4-8e0b-454b-bd2f-ada6866e886b,300000.0,2023-03-11,Consolidated,7e1422e9-4ad0-4a65-874f-695be2571a36,3
ef436e4b-ca36-45b5-8306-4d6d915ac927,TTMPCL-046,8824b9d4-8e0b-454b-bd2f-ada6866e886b,200000.0,2024-04-04,Consolidated,7e1422e9-4ad0-4a65-874f-695be2571a36,4
c84c9bfd-f83f-4eca-a27a-7fdded110ca1,TTMPCL-047,8824b9d4-8e0b-454b-bd2f-ada6866e886b,350000.0,2025-05-22,Consolidated,7e1422e9-4ad0-4a65-874f-695be2571a36,5
6ae06516-2854-402a-8d7e-d693cdcf0179,TTMPCL-048,b0b0a1d4-16b8-4d88-afe1-2614e1fc4745,70000.0,2022-08-09,Consolidated,e68585a0-93c8-4ee7-9ca3-b43584b29321,8
7afff355-add5-4d4f-887f-4c801982ab37,TTMPCL-049,b0b0a1d4-16b8-4d88-afe1-2614e1fc4745,70000.0,2024-03-02,Consolidated,e68585a0-93c8-4ee7-9ca3-b43584b29321,3
3ae236df-642b-40bd-ba1d-25c76ed76d16,TTMPCL-050,b0b0a1d4-16b8-4d88-afe1-2614e1fc4745,200000.0,2024-10-18,Consolidated,e68585a0-93c8-4ee7-9ca3-b43584b29321,10
3ca9d171-6ea9-43ad-82ff-81e53ae7af96,TTMPCL-051,75c5fadc-e384-4f2b-aa6f-6688887fcd58,50000.0,2025-05-07,Consolidated,3ac4aead-7645-46cf-b7bf-3674a1309773,5
12875b89-e7c1-4d34-8329-529ff3e9e5f7,TTMPCL-052,1836e064-28e7-48cd-b3f2-1efcab33185d,275000.0,2022-07-21,Consolidated,a14114da-d16a-478c-af88-f77ae29a6411,7
36f1a8c7-11c9-44fd-baa6-ff31f63a0476,TTMPCL-053,1836e064-28e7-48cd-b3f2-1efcab33185d,425000.0,2023-02-28,Consolidated,a14114da-d16a-478c-af88-f77ae29a6411,2
adc64cdf-f904-46ca-9a56-51395042cbe1,TTMPCL-054,1836e064-28e7-48cd-b3f2-1efcab33185d,255000.0,2023-08-26,Consolidated,a14114da-d16a-478c-af88-f77ae29a6411,8
3f01bdbd-5b28-4553-bd6a-18dc0de7ad52,TTMPCL-055,1836e064-28e7-48cd-b3f2-1efcab33185d,255000.0,2024-03-12,Consolidated,a14114da-d16a-478c-af88-f77ae29a6411,3
3290990b-925e-43fd-9b77-0d8af0a4cb99,TTMPCL-056,1836e064-28e7-48cd-b3f2-1efcab33185d,275000.0,2024-08-23,Consolidated,a14114da-d16a-478c-af88-f77ae29a6411,8
b4ae458e-3e36-444b-aaba-071f2fb35873,TTMPCL-057,1836e064-28e7-48cd-b3f2-1efcab33185d,275000.0,2025-07-31,Consolidated,a14114da-d16a-478c-af88-f77ae29a6411,7
5afa50ca-fa0f-46d5-91f2-1eda93fa5e66,TTMPCL-058,b959c1d5-39ec-4db4-bab7-a89aceb6b781,30000.0,2022-08-19,Consolidated,bda457ec-ee6f-4fca-91e1-4a1e61d0635e,8
f92fa5c6-dae2-44da-b2cc-ea1204ae3483,TTMPCL-059,b959c1d5-39ec-4db4-bab7-a89aceb6b781,30000.0,2023-08-08,Consolidated,bda457ec-ee6f-4fca-91e1-4a1e61d0635e,8
4e21ac08-71a0-4d4f-8b09-4a3c93a8db26,TTMPCL-060,b959c1d5-39ec-4db4-bab7-a89aceb6b781,60000.0,2023-12-01,Consolidated,bda457ec-ee6f-4fca-91e1-4a1e61d0635e,12
41040185-7e99-4e52-b3d2-e00cdd860657,TTMPCL-061,b959c1d5-39ec-4db4-bab7-a89aceb6b781,60000.0,2024-08-13,Consolidated,bda457ec-ee6f-4fca-91e1-4a1e61d0635e,8
f3bb592d-75de-4014-b059-347b752ab0bc,TTMPCL-062,b959c1d5-39ec-4db4-bab7-a89aceb6b781,70000.0,2025-02-25,Consolidated,bda457ec-ee6f-4fca-91e1-4a1e61d0635e,2
9f09d8bc-d943-44cf-94d2-20e9d20d4f04,TTMPCL-063,b959c1d5-39ec-4db4-bab7-a89aceb6b781,70000.0,2025-08-13,Consolidated,bda457ec-ee6f-4fca-91e1-4a1e61d0635e,8
a9847ea2-ca4e-4939-85b9-b715abeaeac7,TTMPCL-064,e3cd8657-bc42-4fd8-a432-d212f9784b9d,160000.0,2022-07-05,Consolidated,7afcd0f3-2d2f-48d8-9c34-6832d73c04e2,7
0d0cd4fb-4cbe-4ea0-864c-7b0859c4a2cf,TTMPCL-065,e3cd8657-bc42-4fd8-a432-d212f9784b9d,160000.0,2023-08-05,Consolidated,7afcd0f3-2d2f-48d8-9c34-6832d73c04e2,8
52108214-3667-43af-b426-876bd4ed2a09,TTMPCL-066,e3cd8657-bc42-4fd8-a432-d212f9784b9d,180000.0,2024-06-11,Consolidated,7afcd0f3-2d2f-48d8-9c34-6832d73c04e2,6
b92e0229-7e66-4bf9-9e3e-d77f051aea74,TTMPCL-067,e3cd8657-bc42-4fd8-a432-d212f9784b9d,180000.0,2024-12-03,Consolidated,7afcd0f3-2d2f-48d8-9c34-6832d73c04e2,12
3969a55c-181a-49fb-83a9-f777a2012704,TTMPCL-068,e3cd8657-bc42-4fd8-a432-d212f9784b9d,190000.0,2025-08-01,Consolidated,7afcd0f3-2d2f-48d8-9c34-6832d73c04e2,8
1c065efc-99ba-44b8-b5a6-0dec5a354047,TTMPCL-069,e3cd8657-bc42-4fd8-a432-d212f9784b9d,10000.0,2024-10-08,Emergency,7afcd0f3-2d2f-48d8-9c34-6832d73c04e2,10
f55d86f2-c293-4f47-be94-3a9e398a3cf0,TTMPCL-078,6453fb27-f4ce-4bdb-bb9e-ac1927ceb340,50000.0,2025-04-25,Consolidated,9e7acdfa-085f-4a50-8403-ef276adcddb4,4
d95a43e6-eafa-4401-8d71-e005a03efcb3,TTMPCL-079,66304a57-b0ce-44b1-8ff5-6aa19b7eeed0,200000.0,2022-08-20,Consolidated,266b466e-729f-46ed-bbf8-0ba32ebfe910,8
bc4b9e8e-a031-45d4-bb31-176b9bc2845a,TTMPCL-080,66304a57-b0ce-44b1-8ff5-6aa19b7eeed0,200000.0,2023-02-02,Consolidated,266b466e-729f-46ed-bbf8-0ba32ebfe910,2
38ea9fc4-f2f8-4474-acae-49c97ed15c82,TTMPCL-081,66304a57-b0ce-44b1-8ff5-6aa19b7eeed0,200000.0,2023-10-11,Consolidated,266b466e-729f-46ed-bbf8-0ba32ebfe910,10
e3684233-037a-4c7d-a689-3c4ce1b4c173,TTMPCL-082,66304a57-b0ce-44b1-8ff5-6aa19b7eeed0,230000.0,2024-04-20,Consolidated,266b466e-729f-46ed-bbf8-0ba32ebfe910,4
9e6b6f15-8d88-467a-a148-7146816f5923,TTMPCL-083,66304a57-b0ce-44b1-8ff5-6aa19b7eeed0,240000.0,2024-09-27,Consolidated,266b466e-729f-46ed-bbf8-0ba32ebfe910,9
fb3efc1e-4f2a-4b21-bd2c-cc18d0ee8f8a,TTMPCL-084,66304a57-b0ce-44b1-8ff5-6aa19b7eeed0,240000.0,2025-03-26,Consolidated,266b466e-729f-46ed-bbf8-0ba32ebfe910,3
c866eab0-ede2-462a-a150-1673544dab61,TTMPCL-085,66304a57-b0ce-44b1-8ff5-6aa19b7eeed0,250000.0,2025-06-11,Consolidated,266b466e-729f-46ed-bbf8-0ba32ebfe910,6
1c7ef0a5-861f-4d29-930b-f9c9dbd641ec,TTMPCL-086,66304a57-b0ce-44b1-8ff5-6aa19b7eeed0,20000.0,2023-11-18,Emergency,266b466e-729f-46ed-bbf8-0ba32ebfe910,11
acc27248-562a-4c4f-be89-f6d92a3c9129,TTMPCL-087,66304a57-b0ce-44b1-8ff5-6aa19b7eeed0,20000.0,2024-06-04,Emergency,266b466e-729f-46ed-bbf8-0ba32ebfe910,6
d2489250-b4b9-4af0-ae0e-012dbae3684a,TTMPCL-088,66304a57-b0ce-44b1-8ff5-6aa19b7eeed0,20000.0,2025-02-25,Emergency,266b466e-729f-46ed-bbf8-0ba32ebfe910,2
af940efd-183e-47ee-ba55-a228e166a479,TTMPCL-089,66304a57-b0ce-44b1-8ff5-6aa19b7eeed0,20000.0,2025-08-01,Emergency,266b466e-729f-46ed-bbf8-0ba32ebfe910,8
ff1dcc03-449b-447d-b993-6a2fff461ef8,TTMPCL-090,ddddafaf-e6ef-4da4-81b4-5f2077f298d3,160000.0,2022-07-02,Consolidated,032bd16f-4279-4c4f-aade-1bfe40b1fd70,7
05222dfe-1961-495c-9e15-58d71cb99cc2,TTMPCL-091,ddddafaf-e6ef-4da4-81b4-5f2077f298d3,170000.0,2023-02-11,Consolidated,032bd16f-4279-4c4f-aade-1bfe40b1fd70,2
f419f04f-cbb0-4d3b-b021-2aa43bbbacdb,TTMPCL-092,ddddafaf-e6ef-4da4-81b4-5f2077f298d3,275000.0,2023-08-04,Consolidated,032bd16f-4279-4c4f-aade-1bfe40b1fd70,8
39adb4e0-50ac-4aa4-86a1-1cad289a0374,TTMPCL-093,ddddafaf-e6ef-4da4-81b4-5f2077f298d3,275000.0,2024-02-07,Consolidated,032bd16f-4279-4c4f-aade-1bfe40b1fd70,2
e63c5218-cfa1-42d4-8c5e-95a773229983,TTMPCL-094,ddddafaf-e6ef-4da4-81b4-5f2077f298d3,275000.0,2024-08-13,Consolidated,032bd16f-4279-4c4f-aade-1bfe40b1fd70,8
b53465c0-a0b9-4c08-81c9-0b130e809084,TTMPCL-095,ddddafaf-e6ef-4da4-81b4-5f2077f298d3,275000.0,2025-03-26,Consolidated,032bd16f-4279-4c4f-aade-1bfe40b1fd70,3
8d787841-23b4-4342-a059-59d91dec21ea,TTMPCL-096,ddddafaf-e6ef-4da4-81b4-5f2077f298d3,375000.0,2025-09-06,Consolidated,032bd16f-4279-4c4f-aade-1bfe40b1fd70,9
e39f30bf-7390-4b04-97b9-f6bab4c3ae13,TTMPCL-103,55931f35-5226-4b65-abd4-d2d3266d6b1e,50000.0,2025-05-07,Consolidated,6e936d76-0703-4e50-8a85-f2825e5a2ecb,5
4252b088-5472-4996-9f72-0fb7fcc58dd8,TTMPCL-104,6cac63a1-3535-4287-81b5-4f04ab656408,100000.0,2022-03-29,Consolidated,8e37daa0-2c21-4a32-8dd0-b6628353c18e,3
f32dd1e6-cb2b-4d68-99ae-04634821eab9,TTMPCL-105,6cac63a1-3535-4287-81b5-4f04ab656408,100000.0,2023-06-14,Consolidated,8e37daa0-2c21-4a32-8dd0-b6628353c18e,6
0c7598e2-c7bf-4ab7-9241-d1cb16dbbe7c,TTMPCL-106,6cac63a1-3535-4287-81b5-4f04ab656408,100000.0,2024-11-29,Consolidated,8e37daa0-2c21-4a32-8dd0-b6628353c18e,11
9a8228bd-6c51-4e2f-83bd-5844ead80325,TTMPCL-107,6cac63a1-3535-4287-81b5-4f04ab656408,50000.0,2025-07-05,Consolidated,8e37daa0-2c21-4a32-8dd0-b6628353c18e,7
978c36a5-28b9-4ade-98b4-92e900b07ee0,TTMPCL-109,c2053d37-5e13-4776-8278-8a0e5fb2bd6f,50000.0,2022-03-02,Consolidated,fcad473d-6ad9-4f10-b8c9-1f0381ec7567,3
7ecfa408-e4b6-44c1-868c-90c349704e79,TTMPCL-110,c2053d37-5e13-4776-8278-8a0e5fb2bd6f,100000.0,2024-07-24,Consolidated,fcad473d-6ad9-4f10-b8c9-1f0381ec7567,7
9ef91460-21fe-4fff-95c3-5295824b2a2f,TTMPCL-118,37bdb4c6-1fbf-46bc-8dff-57ae682e230c,60000.0,2022-05-16,Consolidated,893e2c6a-a56f-4182-95aa-8449c2f12a84,5
c8f29bd0-1418-4274-bdc8-93a4036623f7,TTMPCL-119,37bdb4c6-1fbf-46bc-8dff-57ae682e230c,160000.0,2023-02-08,Consolidated,893e2c6a-a56f-4182-95aa-8449c2f12a84,2
7e91e054-61dc-43ca-b286-33102d045364,TTMPCL-120,37bdb4c6-1fbf-46bc-8dff-57ae682e230c,160000.0,2024-06-22,Consolidated,893e2c6a-a56f-4182-95aa-8449c2f12a84,6
e97be5b4-5d54-497d-a57e-82a161bb17fa,TTMPCL-121,37bdb4c6-1fbf-46bc-8dff-57ae682e230c,160000.0,2025-07-12,Consolidated,893e2c6a-a56f-4182-95aa-8449c2f12a84,7
70249868-e921-4127-926a-98a747499353,TTMPCL-122,37bdb4c6-1fbf-46bc-8dff-57ae682e230c,20000.0,2022-04-01,Emergency,893e2c6a-a56f-4182-95aa-8449c2f12a84,4
9d339107-b8d8-4583-9315-82e1ce76064d,TTMPCL-123,37bdb4c6-1fbf-46bc-8dff-57ae682e230c,20000.0,2024-04-27,Emergency,893e2c6a-a56f-4182-95aa-8449c2f12a84,4
d6ad3f7a-aff5-477d-aa29-2588de949b87,TTMPCL-124,37bdb4c6-1fbf-46bc-8dff-57ae682e230c,20000.0,2025-02-21,Emergency,893e2c6a-a56f-4182-95aa-8449c2f12a84,2
85811959-0b13-4094-935c-47c39cf69de0,TTMPCL-125,37bdb4c6-1fbf-46bc-8dff-57ae682e230c,20000.0,2025-09-06,Emergency,893e2c6a-a56f-4182-95aa-8449c2f12a84,9
f1247afc-2c8d-4328-8cf7-3c1e1acad4ad,TTMPCL-126,2a3a4d0e-1cd4-414e-a1ab-38d22a0de722,50000.0,2024-12-07,Consolidated,75bf720b-d502-44ef-bb6e-d7952357cbff,12
96ae35c7-baf8-4da0-8b91-2ab432f25f13,TTMPCL-127,41537752-2880-40a3-8528-76ae9ea72d44,220000.0,2022-01-22,Consolidated,b0e6fb60-97ed-4e50-b42a-602f7ef53c15,1
88829f71-8dfb-46ac-9a1f-f0ac68e8fe34,TTMPCL-128,41537752-2880-40a3-8528-76ae9ea72d44,250000.0,2023-10-17,Consolidated,b0e6fb60-97ed-4e50-b42a-602f7ef53c15,10
10c2a647-8d61-4b09-8847-dc734830dd18,TTMPCL-129,41537752-2880-40a3-8528-76ae9ea72d44,50000.0,2024-09-05,Consolidated,b0e6fb60-97ed-4e50-b42a-602f7ef53c15,9
6fda20d2-3f15-4c89-9ccb-a8ae74efd4d1,TTMPCL-130,41537752-2880-40a3-8528-76ae9ea72d44,50000.0,2025-08-30,Consolidated,b0e6fb60-97ed-4e50-b42a-602f7ef53c15,8
e49594d3-0bb1-40ad-a596-48f1deb26c0e,TTMPCL-132,65b30e97-b701-491d-9c9b-7583338fbf91,100000.0,2023-05-18,Consolidated,385941ba-8675-4742-84a8-013ad1334c5f,5
b1961d22-4b40-4555-9264-f92fafa9fb3d,TTMPCL-133,65b30e97-b701-491d-9c9b-7583338fbf91,100000.0,2024-08-21,Consolidated,385941ba-8675-4742-84a8-013ad1334c5f,8
52500127-adb6-4140-8d1e-00641d8ea1a6,TTMPCL-134,65b30e97-b701-491d-9c9b-7583338fbf91,200000.0,2024-11-06,Consolidated,385941ba-8675-4742-84a8-013ad1334c5f,11
428d8a7a-040b-4daf-9436-af68626e6583,TTMPCL-135,f1d701ee-20ad-435b-bc72-29226c4ee523,20000.0,2022-07-01,Consolidated,8d8fc564-00b8-419a-8cd3-29ea7b537632,7
640e3aad-46d1-4f68-977b-8254f2c9e509,TTMPCL-136,f1d701ee-20ad-435b-bc72-29226c4ee523,20000.0,2024-05-15,Consolidated,8d8fc564-00b8-419a-8cd3-29ea7b537632,5
38b4d38a-8c01-4e97-9185-5a00f99c9e64,TTMPCL-137,f1d701ee-20ad-435b-bc72-29226c4ee523,20000.0,2025-07-05,Consolidated,8d8fc564-00b8-419a-8cd3-29ea7b537632,7
3091d711-3b25-4656-9337-0810d0b4e21a,TTMPCL-143,c809fb9c-ce6e-47c8-886f-8145fb464cd4,15000.0,2023-04-12,Consolidated,7a424db9-98ab-41bb-bb34-2e55ba729be5,4
09e0bff5-cb4d-4dd2-8bee-3bf1f3fde96d,TTMPCL-144,c809fb9c-ce6e-47c8-886f-8145fb464cd4,20000.0,2023-10-24,Consolidated,7a424db9-98ab-41bb-bb34-2e55ba729be5,10
aca66fc9-d050-4a7c-bde1-7a20353ed86a,TTMPCL-145,c809fb9c-ce6e-47c8-886f-8145fb464cd4,40000.0,2024-03-22,Consolidated,7a424db9-98ab-41bb-bb34-2e55ba729be5,3
d7d114bc-61db-457b-b201-835d33754d37,TTMPCL-146,c809fb9c-ce6e-47c8-886f-8145fb464cd4,50000.0,2024-12-27,Consolidated,7a424db9-98ab-41bb-bb34-2e55ba729be5,12
a3a0c0ba-e550-4048-9ecc-2c111f0e5893,TTMPCL-147,c809fb9c-ce6e-47c8-886f-8145fb464cd4,80000.0,2025-07-26,Consolidated,7a424db9-98ab-41bb-bb34-2e55ba729be5,7
6874b544-2e03-4d3b-9cd8-4de80c3a049c,TTMPCL-148,cba5efed-1865-46ef-8fa9-03b15fe44e08,205000.0,2022-11-17,Consolidated,8a9ee954-5613-4ce6-bd85-7e90f31f3a46,11
f861387b-d8b7-4ce6-91cc-c4fef0312f2b,TTMPCL-149,cba5efed-1865-46ef-8fa9-03b15fe44e08,150000.0,2023-12-29,Consolidated,8a9ee954-5613-4ce6-bd85-7e90f31f3a46,12
200120c1-e602-49d1-9992-166a0b2a0d08,TTMPCL-150,cba5efed-1865-46ef-8fa9-03b15fe44e08,160000.0,2025-02-08,Consolidated,8a9ee954-5613-4ce6-bd85-7e90f31f3a46,2
af7afe3b-7a5d-4818-897d-42cdc70dfdf6,TTMPCL-151,cba5efed-1865-46ef-8fa9-03b15fe44e08,160000.0,2025-09-10,Consolidated,8a9ee954-5613-4ce6-bd85-7e90f31f3a46,9
42d9b14d-192d-4193-9b24-9b489df7cae7,TTMPCL-152,5f22df79-0fdd-423b-9b65-f4bb6b283ed6,30000.0,2022-12-10,Consolidated,11516617-4861-4ed1-b57f-c01d58e92b2b,12
2e1414a1-51f0-44a6-ba98-d177c4f5fa13,TTMPCL-153,5f22df79-0fdd-423b-9b65-f4bb6b283ed6,50000.0,2023-08-04,Consolidated,11516617-4861-4ed1-b57f-c01d58e92b2b,8
1c352446-a154-4114-a3b6-9767b6a63d10,TTMPCL-154,5f22df79-0fdd-423b-9b65-f4bb6b283ed6,30000.0,2024-04-18,Consolidated,11516617-4861-4ed1-b57f-c01d58e92b2b,4
3b795769-f8ec-4216-a839-5ddaa0dda028,TTMPCL-155,5f22df79-0fdd-423b-9b65-f4bb6b283ed6,50000.0,2025-03-22,Consolidated,11516617-4861-4ed1-b57f-c01d58e92b2b,3
32e5e109-6a57-4478-82f7-95d70399dab4,TTMPCL-156,5f22df79-0fdd-423b-9b65-f4bb6b283ed6,50000.0,2025-11-07,Consolidated,11516617-4861-4ed1-b57f-c01d58e92b2b,11
d6db7b7e-0c85-402e-8eaf-68b35933e4ad,TTMPCL-157,97e4cd81-b766-454b-86e5-fea4c8ef20d1,40000.0,2023-08-22,Consolidated,4ea87486-2629-4443-98eb-e04c8277fd60,8
24589574-5374-4fb8-82b5-6078d6fd08cb,TTMPCL-158,53bde9dc-125c-4afd-86ac-272e92854616,250000.0,2022-05-14,Consolidated,15285aa6-0bdd-4b67-9d20-e94b125ef31b,5
6d60d066-5bd7-4ef0-aee8-5bf91b0b46a3,TTMPCL-159,53bde9dc-125c-4afd-86ac-272e92854616,170000.0,2023-06-20,Consolidated,15285aa6-0bdd-4b67-9d20-e94b125ef31b,6
0fa11b88-280a-4cfa-b178-ca04ac97595d,TTMPCL-160,53bde9dc-125c-4afd-86ac-272e92854616,240000.0,2024-06-06,Consolidated,15285aa6-0bdd-4b67-9d20-e94b125ef31b,6
d612ae88-dd79-4511-aa09-658c33ed5874,TTMPCL-161,53bde9dc-125c-4afd-86ac-272e92854616,170000.0,2025-06-21,Consolidated,15285aa6-0bdd-4b67-9d20-e94b125ef31b,6
c3f24d12-cded-4fb2-9ae8-b12571843297,TTMPCL-162,53bde9dc-125c-4afd-86ac-272e92854616,300000.0,2025-12-16,Consolidated,15285aa6-0bdd-4b67-9d20-e94b125ef31b,12
58c02696-ee72-4135-b1f9-5b53dab9731b,TTMPCL-163,53bde9dc-125c-4afd-86ac-272e92854616,20000.0,2024-10-04,Emergency,15285aa6-0bdd-4b67-9d20-e94b125ef31b,10
cd1b3e51-c6e4-4f5f-93df-549f328d93f8,TTMPCL-164,cf7372a4-2077-4fd1-aa86-3b87ef063b93,200000.0,2022-07-21,Consolidated,5acd82c8-a334-4bf2-9d6a-1c687b0aa352,7
001cdb8a-bc4d-4768-b614-5006022e942f,TTMPCL-165,cf7372a4-2077-4fd1-aa86-3b87ef063b93,100000.0,2023-09-02,Consolidated,5acd82c8-a334-4bf2-9d6a-1c687b0aa352,9
b246d73d-9d9a-4e4f-9cc4-e1b03f94e58e,TTMPCL-166,cf7372a4-2077-4fd1-aa86-3b87ef063b93,50000.0,2024-05-08,Consolidated,5acd82c8-a334-4bf2-9d6a-1c687b0aa352,5
546c299d-ae15-4b94-86e5-e280abde5667,TTMPCL-171,8ca2f937-014c-4ba2-9cb3-9fd92a07fca4,100000.0,2022-09-07,Consolidated,22ed9b4d-bc97-4f69-825b-58f62b9f0ea7,9
0c408149-31b0-4577-bc01-93fd39dba6d9,TTMPCL-172,8ca2f937-014c-4ba2-9cb3-9fd92a07fca4,100000.0,2023-08-09,Consolidated,22ed9b4d-bc97-4f69-825b-58f62b9f0ea7,8
96e214d8-32ca-47e7-b098-0c55d94507c3,TTMPCL-173,8ca2f937-014c-4ba2-9cb3-9fd92a07fca4,100000.0,2025-01-25,Consolidated,22ed9b4d-bc97-4f69-825b-58f62b9f0ea7,1
61065341-45ce-4380-b5ac-4d0e85fea0a3,TTMPCL-174,f0e498f8-46c2-418a-b927-adea2d48278e,200000.0,2022-05-25,Consolidated,d5fc3b6c-963f-45a9-8d1f-fb16f033a335,5
69556ca9-34de-4d35-bdf1-719d4cb716d3,TTMPCL-175,f0e498f8-46c2-418a-b927-adea2d48278e,200000.0,2023-02-17,Consolidated,d5fc3b6c-963f-45a9-8d1f-fb16f033a335,2
2946226d-7e24-46e4-8c87-a7b659bfd5f5,TTMPCL-176,f0e498f8-46c2-418a-b927-adea2d48278e,100000.0,2025-11-15,Consolidated,d5fc3b6c-963f-45a9-8d1f-fb16f033a335,11
9221bb7e-3ac6-466f-a982-e40b2ec06e39,TTMPCL-177,c3cc458b-99b9-48d4-86a8-20b2e9b247d2,50000.0,2023-05-16,Consolidated,abe828ea-6e66-45aa-81a6-0f1775f56bf4,5
abf7c2f8-4a1d-46be-aae5-179f40591077,TTMPCL-178,c3cc458b-99b9-48d4-86a8-20b2e9b247d2,100000.0,2025-11-15,Consolidated,abe828ea-6e66-45aa-81a6-0f1775f56bf4,11
766b83c6-0996-4c4f-b56e-df5c9be60b43,TTMPCL-179,d2556a78-6cc4-4d29-acba-97f33ebb1c69,200000.0,2025-12-06,Consolidated,e0d020e3-a392-4efd-b6ad-0e3fa14f7c2a,12
67b68301-f174-4602-9a8d-a05af512716a,TTMPCL-180,8e155992-acc6-4651-a5dd-f6a2402675e4,100000.0,2025-12-02,Consolidated,dddbd264-c8f0-43cc-ab14-17c8f13eaa49,12
d25f3c8d-bf96-4b88-9915-4d22cc7feea5,TTMPCL-181,8e155992-acc6-4651-a5dd-f6a2402675e4,20000.0,2024-10-17,Emergency,dddbd264-c8f0-43cc-ab14-17c8f13eaa49,10
be56197f-d1ab-4d87-90d6-735b09438bca,TTMPCL-182,8e155992-acc6-4651-a5dd-f6a2402675e4,20000.0,2025-06-28,Emergency,dddbd264-c8f0-43cc-ab14-17c8f13eaa49,6
edd0f630-3983-4ce0-a91b-2827b8ae06f9,TTMPCL-183,fc35415d-e2b8-44ae-9717-36208ff34f51,50000.0,2025-02-21,Consolidated,9e21ff0f-4ada-44c5-8a6d-6402500b3922,2
b3b57578-8a10-4362-99b0-0d2a0ad3ab8b,TTMPCL-187,c18e385f-72ae-464f-a822-5a22256c7c8f,100000.0,2023-02-01,Consolidated,3ca8d03d-1f6f-4915-a06c-40d5d08e285d,2
64d28873-8d14-4112-8a5c-c36f3e5ee630,TTMPCL-188,c18e385f-72ae-464f-a822-5a22256c7c8f,150000.0,2023-06-20,Consolidated,3ca8d03d-1f6f-4915-a06c-40d5d08e285d,6
2cb7e047-9fd9-4916-aa48-85fd52c64ae0,TTMPCL-189,c18e385f-72ae-464f-a822-5a22256c7c8f,50000.0,2024-10-11,Consolidated,3ca8d03d-1f6f-4915-a06c-40d5d08e285d,10
2e9e3028-85e7-4aef-a36a-0e7f07c73624,TTMPCL-190,c18e385f-72ae-464f-a822-5a22256c7c8f,100000.0,2025-01-21,Consolidated,3ca8d03d-1f6f-4915-a06c-40d5d08e285d,1
ff79e023-6867-40d9-b0d9-2e41ff4f2bac,TTMPCL-191,c18e385f-72ae-464f-a822-5a22256c7c8f,100000.0,2025-11-13,Consolidated,3ca8d03d-1f6f-4915-a06c-40d5d08e285d,11
87a7665d-4ea5-4769-ae55-62c37d9f5986,TTMPCL-192,559a313b-6d0e-40e3-9eab-0ee6156bb17c,60000.0,2025-05-02,Consolidated,9a272d47-7eb6-4ad5-841a-6f2c3be64dde,5
221e9581-df30-4411-ae30-149e157a4134,TTMPCL-193,d83fd76d-aed7-4e7a-8cbf-a006956ac81f,100000.0,2022-08-20,Consolidated,1328b9e8-a204-4b0e-86a6-9bc69ab53992,8
72b09bec-dd1d-4302-9883-a11272f7bbe8,TTMPCL-194,d83fd76d-aed7-4e7a-8cbf-a006956ac81f,110000.0,2023-03-01,Consolidated,1328b9e8-a204-4b0e-86a6-9bc69ab53992,3
de270e54-4824-4093-9abf-e32794a45c8c,TTMPCL-195,d83fd76d-aed7-4e7a-8cbf-a006956ac81f,100000.0,2024-07-04,Consolidated,1328b9e8-a204-4b0e-86a6-9bc69ab53992,7
5b39c37d-0fe8-4c1f-b792-556620165f17,TTMPCL-197,bdc518ce-3948-4e1b-a2a7-b6659024ca66,500000.0,2023-04-18,Consolidated,82bc1691-0867-4da1-b729-92e753f05cc9,4
1e499f57-bee2-431f-bb77-a3fc39b2a6f4,TTMPCL-198,bdc518ce-3948-4e1b-a2a7-b6659024ca66,150000.0,2025-10-10,Consolidated,82bc1691-0867-4da1-b729-92e753f05cc9,10
c3f4b2f4-11a7-4465-a72b-c412ea26cd6f,TTMPCL-199,de64122e-47d8-43d5-9fdf-7d4951d4e5da,100000.0,2023-10-25,Consolidated,1d11c8f4-93bf-4f6b-9474-d525f71de9c4,10
25bd5fe9-f101-49c6-8d82-9c99ad52061c,TTMPCL-200,de64122e-47d8-43d5-9fdf-7d4951d4e5da,150000.0,2025-09-25,Consolidated,1d11c8f4-93bf-4f6b-9474-d525f71de9c4,9
233c229e-2599-4805-acfa-02d24bcf33ad,TTMPCL-201,90e476ec-bb6b-45cb-993a-4521bf144d59,50000.0,2023-05-12,Consolidated,9af30c1f-9849-4c26-a257-64d2cfe98bd6,5
29fdf038-190a-42c3-b9ad-f5ebdc9cfa7a,TTMPCL-202,90e476ec-bb6b-45cb-993a-4521bf144d59,70000.0,2024-04-12,Consolidated,9af30c1f-9849-4c26-a257-64d2cfe98bd6,4
57be34e9-2ff2-4a96-945e-e6d04e865dcb,TTMPCL-203,90e476ec-bb6b-45cb-993a-4521bf144d59,100000.0,2025-03-26,Consolidated,9af30c1f-9849-4c26-a257-64d2cfe98bd6,3
54bf1982-238b-4915-8d47-b3b27a2fbd0d,TTMPCL-209,3d350a36-3642-4f5d-97f6-40536949c982,255000.0,2022-08-05,Consolidated,26209387-5cde-4254-b860-dd6444e3a3a9,8
884708b4-777b-4261-b3d3-36159f8e002a,TTMPCL-210,3d350a36-3642-4f5d-97f6-40536949c982,255000.0,2023-02-24,Consolidated,26209387-5cde-4254-b860-dd6444e3a3a9,2
e4fa5b40-a2c2-4f09-a55a-9cba27608b28,TTMPCL-211,3d350a36-3642-4f5d-97f6-40536949c982,260000.0,2023-08-03,Consolidated,26209387-5cde-4254-b860-dd6444e3a3a9,8
ada92ccd-cf48-4544-90c8-59dc6cef44a3,TTMPCL-212,3d350a36-3642-4f5d-97f6-40536949c982,260000.0,2024-03-14,Consolidated,26209387-5cde-4254-b860-dd6444e3a3a9,3
79bd2f56-4326-4937-8c5f-c3e8f504be98,TTMPCL-213,3d350a36-3642-4f5d-97f6-40536949c982,260000.0,2024-09-28,Consolidated,26209387-5cde-4254-b860-dd6444e3a3a9,9
677d5f61-e3b8-4a1d-82db-b3475b4d0e96,TTMPCL-214,3d350a36-3642-4f5d-97f6-40536949c982,260000.0,2025-02-04,Consolidated,26209387-5cde-4254-b860-dd6444e3a3a9,2
5d316702-72fe-427e-93d3-36741ac06e67,TTMPCL-215,3d350a36-3642-4f5d-97f6-40536949c982,260000.0,2025-08-01,Consolidated,26209387-5cde-4254-b860-dd6444e3a3a9,8
7c989aff-c336-428e-9453-a8fcd0555bb7,TTMPCL-216,74d0ac8f-be0f-48e7-8b60-2b9900a65a05,200000.0,2023-12-19,Consolidated,8298885e-0809-448d-a4da-b2cd31e54f61,12
78795436-f72d-4add-8de0-e05eedd0de34,TTMPCL-219,780e54a0-e66b-4206-bd1b-a12ed1c34d94,200000.0,2024-08-31,Consolidated,fbf08454-23b1-4e97-a2b5-da7c8b2a56bd,8
5e61f8af-12bd-4c91-95b8-7ceaba90909b,TTMPCL-220,780e54a0-e66b-4206-bd1b-a12ed1c34d94,125000.0,2025-07-12,Consolidated,fbf08454-23b1-4e97-a2b5-da7c8b2a56bd,7
ca6f833b-770d-4811-b035-7c94e414cb95,TTMPCL-221,780e54a0-e66b-4206-bd1b-a12ed1c34d94,275000.0,2025-12-26,Consolidated,fbf08454-23b1-4e97-a2b5-da7c8b2a56bd,12
573225e3-e61d-417d-921e-d234e73f04dc,TTMPCL-222,9f8d8683-1ffe-45f9-8b39-eedb8243f09c,100000.0,2022-12-03,Consolidated,e2624c7d-e3a1-4e40-b11f-b52d17028f60,12
81bafa34-e130-4cf8-857f-8135086510c2,TTMPCL-223,9f8d8683-1ffe-45f9-8b39-eedb8243f09c,150000.0,2023-12-28,Consolidated,e2624c7d-e3a1-4e40-b11f-b52d17028f60,12
877d357b-0519-4bae-a6b7-bf95eec5a7e6,TTMPCL-224,10deb675-2e4f-4219-80d1-250090879e25,190000.0,2022-11-08,Consolidated,bbf24a20-d878-4110-ba8e-9b8a21975c20,11
59ec8117-c690-420d-a4b3-eca50037ff8b,TTMPCL-225,10deb675-2e4f-4219-80d1-250090879e25,190000.0,2023-05-19,Consolidated,bbf24a20-d878-4110-ba8e-9b8a21975c20,5
d3f33e9c-74f8-49ac-936d-8bc6378bec71,TTMPCL-226,10deb675-2e4f-4219-80d1-250090879e25,250000.0,2023-11-23,Consolidated,bbf24a20-d878-4110-ba8e-9b8a21975c20,11
2f56a8b0-05ea-422b-8d13-7183ca9b646c,TTMPCL-227,10deb675-2e4f-4219-80d1-250090879e25,250000.0,2024-05-11,Consolidated,bbf24a20-d878-4110-ba8e-9b8a21975c20,5
85b5743a-bac0-45e4-ad65-8b2372412044,TTMPCL-228,10deb675-2e4f-4219-80d1-250090879e25,250000.0,2024-11-29,Consolidated,bbf24a20-d878-4110-ba8e-9b8a21975c20,11
31c22857-7d57-4008-af5c-7408739a95f0,TTMPCL-229,10deb675-2e4f-4219-80d1-250090879e25,360000.0,2025-04-30,Consolidated,bbf24a20-d878-4110-ba8e-9b8a21975c20,4
c6c091ac-5f6f-4167-acaf-99df1c3c38d0,TTMPCL-230,10deb675-2e4f-4219-80d1-250090879e25,360000.0,2025-12-02,Consolidated,bbf24a20-d878-4110-ba8e-9b8a21975c20,12
bfa5e769-c46e-41ac-bf03-028a2fd2517d,TTMPCL-231,aedd977d-e2cb-47ef-9817-c5320f4696f7,700000.0,2024-11-12,Consolidated,8201afe8-3e56-4eb0-93a6-3e64d2415ef6,11
37ae87ed-d4e5-4963-b14c-ee7f3c264ffe,TTMPCL-232,aedd977d-e2cb-47ef-9817-c5320f4696f7,10000.0,2023-12-05,Emergency,8201afe8-3e56-4eb0-93a6-3e64d2415ef6,12
dcaff24b-427f-4969-ba10-c4c1f01f6e62,TTMPCL-233,957ff032-7174-4d6e-9697-23469142acea,100000.0,2022-05-06,Consolidated,6617f6e2-5cb7-4766-a2d8-17b794bfc8ee,5
ac178cb7-8637-4274-969a-7107ca87b1f1,TTMPCL-234,77a8263f-b929-4dcb-879d-ec01353b9fb2,200000.0,2022-11-12,Consolidated,73e46c70-62dc-4087-a8a6-139878e59ac9,11
0eb713f0-b243-412f-afac-39382aad0f42,TTMPCL-235,77a8263f-b929-4dcb-879d-ec01353b9fb2,250000.0,2023-12-09,Consolidated,73e46c70-62dc-4087-a8a6-139878e59ac9,12
0b14585b-c422-4bcb-9256-3806b0855ea3,TTMPCL-236,77a8263f-b929-4dcb-879d-ec01353b9fb2,300000.0,2024-12-10,Consolidated,73e46c70-62dc-4087-a8a6-139878e59ac9,12
f233931a-3805-45e9-a363-53c311ccfbe1,TTMPCL-237,12d9bed2-7a63-4ca4-80c9-23e05bb02d5c,490000.0,2022-11-22,Consolidated,e822b8a5-15c3-404b-ba21-f72ad7b2d8d7,11
071a3088-6d6a-4454-a355-2c9ec8efc4f0,TTMPCL-238,12d9bed2-7a63-4ca4-80c9-23e05bb02d5c,500000.0,2023-12-07,Consolidated,e822b8a5-15c3-404b-ba21-f72ad7b2d8d7,12
c0596518-6af8-4aa9-99d6-a085e4d124c1,TTMPCL-239,12d9bed2-7a63-4ca4-80c9-23e05bb02d5c,500000.0,2024-12-06,Consolidated,e822b8a5-15c3-404b-ba21-f72ad7b2d8d7,12
560ea4db-4c3e-482d-acae-45edfec2aa6e,TTMPCL-240,12d9bed2-7a63-4ca4-80c9-23e05bb02d5c,500000.0,2025-12-06,Consolidated,e822b8a5-15c3-404b-ba21-f72ad7b2d8d7,12
25331f77-0d49-466f-a09e-c0b4d0027180,TTMPCL-241,526381c6-e44a-4534-aad4-d62c084b3f11,375000.0,2022-12-28,Consolidated,321ff9d8-0d5a-413e-b392-de1d30e0367b,12
d37c14b0-7e3b-475b-8e78-39a7055f5f27,TTMPCL-242,526381c6-e44a-4534-aad4-d62c084b3f11,375000.0,2023-06-16,Consolidated,321ff9d8-0d5a-413e-b392-de1d30e0367b,6
81553062-2900-4079-9af0-d72b124afc3d,TTMPCL-243,526381c6-e44a-4534-aad4-d62c084b3f11,375000.0,2023-12-02,Consolidated,321ff9d8-0d5a-413e-b392-de1d30e0367b,12
fe2cc901-df05-4efd-b801-3a54da635368,TTMPCL-244,526381c6-e44a-4534-aad4-d62c084b3f11,375000.0,2024-06-25,Consolidated,321ff9d8-0d5a-413e-b392-de1d30e0367b,6
cbabcb05-42c4-4c7c-ab5f-0d60420ef2a1,TTMPCL-245,526381c6-e44a-4534-aad4-d62c084b3f11,375000.0,2025-01-09,Consolidated,321ff9d8-0d5a-413e-b392-de1d30e0367b,1
19fcbad0-dd9d-434b-bf4f-59a91c30593d,TTMPCL-246,526381c6-e44a-4534-aad4-d62c084b3f11,375000.0,2025-08-13,Consolidated,321ff9d8-0d5a-413e-b392-de1d30e0367b,8
401b4abd-80c9-4bcd-987e-380c20bedaec,TTMPCL-248,04e956df-0580-4c70-ae2f-cd3d6097528b,50000.0,2025-09-17,Consolidated,628e55fe-7702-48cb-904c-a700e21e631f,9
696f3381-916a-4a53-b2e5-b66ee19eedf7,TTMPCL-249,04e956df-0580-4c70-ae2f-cd3d6097528b,20000.0,2024-04-30,Emergency,628e55fe-7702-48cb-904c-a700e21e631f,4
be6f9918-1ee7-4f7d-a305-55f72b2462fd,TTMPCL-250,04e956df-0580-4c70-ae2f-cd3d6097528b,20000.0,2024-12-07,Emergency,628e55fe-7702-48cb-904c-a700e21e631f,12
89de78e1-5e06-473e-bb61-320a72497ef6,TTMPCL-254,ae80e928-6055-4415-995f-f9a9cee013ea,300000.0,2022-11-11,Consolidated,5a6b02e3-6af6-4ed4-8ec7-f6a408fa54a9,11
01aa76d6-262a-4cfd-98d2-3f11870892fd,TTMPCL-255,ae80e928-6055-4415-995f-f9a9cee013ea,700000.0,2023-05-27,Consolidated,5a6b02e3-6af6-4ed4-8ec7-f6a408fa54a9,5
4314e18f-73c8-48ce-a834-0e81d453eb54,TTMPCL-262,1a1785e5-5c0f-4628-943b-54a774e6ebf8,100000.0,2024-03-27,Consolidated,a7206b0f-4f88-4b5e-82ae-a160c727a098,3
fa14674e-5239-4817-a10c-4e437d28b4ad,TTMPCL-273,c7a07a10-fe06-4a5d-a338-4f5fd882c486,60000.0,2024-04-02,Consolidated,cd050e67-0ed1-4ba5-aa19-bf05c3545cef,4
31a0fc89-aeff-4675-be05-c4b95939cd91,TTMPCL-284,84d23cdb-be24-42f2-abec-c453365bf281,100000.0,2022-05-06,Consolidated,a612041f-69b0-45d2-bd6c-ae5b527a98da,5
aa56bfb7-67e0-4307-b237-5b554e019371,TTMPCL-285,84d23cdb-be24-42f2-abec-c453365bf281,110000.0,2023-08-16,Consolidated,a612041f-69b0-45d2-bd6c-ae5b527a98da,8
2f70e50b-f7a9-4fba-a491-86f8756642ed,TTMPCL-286,84d23cdb-be24-42f2-abec-c453365bf281,200000.0,2024-02-23,Consolidated,a612041f-69b0-45d2-bd6c-ae5b527a98da,2
996a51f0-ea08-4eac-8f33-e589e5e0d78d,TTMPCL-287,84d23cdb-be24-42f2-abec-c453365bf281,190000.0,2025-04-25,Consolidated,a612041f-69b0-45d2-bd6c-ae5b527a98da,4
74c695be-86b8-45e8-9641-ef762b36577f,TTMPCL-292,884c644c-c21f-42aa-945d-f004c9fdea63,120000.0,2023-12-15,Consolidated,d8b7a9ae-7a80-4090-af67-aad18d42764d,12
2c3fdd7d-aa2e-4f69-a5ad-06338640b911,TTMPCL-293,884c644c-c21f-42aa-945d-f004c9fdea63,100000.0,2025-12-06,Consolidated,d8b7a9ae-7a80-4090-af67-aad18d42764d,12
e500c9fa-de62-4575-bb2a-f29ea7be62d5,TTMPCL-294,d75bf0ae-ab7c-4e0b-9da9-e5050a448ba3,200000.0,2022-06-01,Consolidated,70189e49-0b25-470b-9ee4-62115500705b,6
edb6e1ca-532b-4462-b2b4-0ecc483f7a85,TTMPCL-295,d75bf0ae-ab7c-4e0b-9da9-e5050a448ba3,230000.0,2023-01-07,Consolidated,70189e49-0b25-470b-9ee4-62115500705b,1
3025fa42-68c5-40b8-bf0e-6db241dc1140,TTMPCL-296,d75bf0ae-ab7c-4e0b-9da9-e5050a448ba3,230000.0,2023-08-03,Consolidated,70189e49-0b25-470b-9ee4-62115500705b,8
68cb34a0-c8af-477a-b584-dff3e1103de0,TTMPCL-308,25243990-92ab-4a7d-8469-fdd6732dd304,80000.0,2022-12-03,Consolidated,fcee519a-9c3e-4e35-a56f-68792a49b5c5,12
73b22c1d-99d1-4287-917b-e357ca4efb5f,TTMPCL-309,25243990-92ab-4a7d-8469-fdd6732dd304,120000.0,2023-07-15,Consolidated,fcee519a-9c3e-4e35-a56f-68792a49b5c5,7
e55fb20c-950d-4284-ac75-50b14c7f1e5b,TTMPCL-310,25243990-92ab-4a7d-8469-fdd6732dd304,60000.0,2024-06-29,Consolidated,fcee519a-9c3e-4e35-a56f-68792a49b5c5,6
34d4ca8e-3138-4764-8f70-fbaf69485270,TTMPCL-311,37079bc6-c33b-4fba-9d2d-4ec1dc887492,50000.0,2023-11-03,Consolidated,9bedb437-1d2f-4a8d-8087-418a27e0cf48,11
b890418b-ee21-48c0-9560-d428c6125e22,TTMPCL-312,37079bc6-c33b-4fba-9d2d-4ec1dc887492,100000.0,2024-03-13,Consolidated,9bedb437-1d2f-4a8d-8087-418a27e0cf48,3
c0cf3ca5-a357-43e3-b180-e5feaade4047,TTMPCL-313,37079bc6-c33b-4fba-9d2d-4ec1dc887492,150000.0,2024-08-21,Consolidated,9bedb437-1d2f-4a8d-8087-418a27e0cf48,8
31430233-f978-44e5-a343-7911ad92a079,TTMPCL-314,37079bc6-c33b-4fba-9d2d-4ec1dc887492,170000.0,2025-04-24,Consolidated,9bedb437-1d2f-4a8d-8087-418a27e0cf48,4
56612031-a84a-4e4a-9787-a6c06c649844,TTMPCL-315,37079bc6-c33b-4fba-9d2d-4ec1dc887492,170000.0,2025-11-07,Consolidated,9bedb437-1d2f-4a8d-8087-418a27e0cf48,11
70a026df-1e04-48fd-97ad-2af697849105,TTMPCL-316,230f2fd0-300f-49e1-b04d-9dc4e1d5bbf4,50000.0,2023-11-03,Consolidated,3eb23e20-4252-4823-8797-0c958021c409,11
a5158d4b-1b21-486e-b922-8faf495b0d45,TTMPCL-317,230f2fd0-300f-49e1-b04d-9dc4e1d5bbf4,50000.0,2025-01-16,Consolidated,3eb23e20-4252-4823-8797-0c958021c409,1
a56108c5-7854-4a4b-aaa1-68664345b9e8,TTMPCL-321,16da8775-fc14-44af-9298-da8bee6660c8,100000.0,2023-03-04,Consolidated,22ebb6f9-2c50-462f-a7f2-e441c90e79c1,3
901badf4-19f0-462c-89ca-812bd68604ac,TTMPCL-322,16da8775-fc14-44af-9298-da8bee6660c8,100000.0,2024-04-06,Consolidated,22ebb6f9-2c50-462f-a7f2-e441c90e79c1,4
6e51b215-3066-4a93-9fae-4fd5e2f30f4d,TTMPCL-323,16da8775-fc14-44af-9298-da8bee6660c8,100000.0,2025-03-26,Consolidated,22ebb6f9-2c50-462f-a7f2-e441c90e79c1,3
a810dad0-87ea-4211-a886-91024d5d5dbb,TTMPCL-324,16da8775-fc14-44af-9298-da8bee6660c8,20000.0,2025-05-30,Emergency,22ebb6f9-2c50-462f-a7f2-e441c90e79c1,5
ea49ab06-0f13-43fd-89e2-efa4e3f05d0e,TTMPCL-326,3ef12265-a660-4922-8908-726792e1775a,200000.0,2023-06-16,Consolidated,6a4dca72-37b6-4dbd-9e22-ba7d2ba11509,6
4472d1f3-a53e-43b8-8976-8a43643ddcc9,TTMPCL-327,3ef12265-a660-4922-8908-726792e1775a,325000.0,2024-02-14,Consolidated,6a4dca72-37b6-4dbd-9e22-ba7d2ba11509,2
d98513a3-bc0f-41cc-8e10-32c98f4c9041,TTMPCL-328,3ef12265-a660-4922-8908-726792e1775a,450000.0,2024-09-10,Consolidated,6a4dca72-37b6-4dbd-9e22-ba7d2ba11509,9
b82148b8-9505-40ec-a989-f669bcbc0d0a,TTMPCL-329,7645cfe4-0879-4e68-adb8-b6e9cffd2298,40000.0,2024-12-21,Consolidated,3297c191-765d-43ef-a4d4-ef62842acfd1,12
c5860729-88ea-47e1-8e9e-dc80b53c516e,TTMPCL-330,7645cfe4-0879-4e68-adb8-b6e9cffd2298,70000.0,2025-07-26,Consolidated,3297c191-765d-43ef-a4d4-ef62842acfd1,7
806750a1-b55a-49b5-93c7-ccdefe8b9bf1,TTMPCL-331,f28f2f0e-819d-4700-a6e9-b303fca8bb2d,100000.0,2022-10-05,Consolidated,1ee81733-6834-45b4-8f68-3e6182379d1f,10
61050320-f855-4ea3-b264-b32e17b36a54,TTMPCL-332,f28f2f0e-819d-4700-a6e9-b303fca8bb2d,100000.0,2023-08-05,Consolidated,1ee81733-6834-45b4-8f68-3e6182379d1f,8
e565e22f-603c-491b-8184-5660123729b6,TTMPCL-333,f28f2f0e-819d-4700-a6e9-b303fca8bb2d,20000.0,2024-05-28,Consolidated,1ee81733-6834-45b4-8f68-3e6182379d1f,5
0667855e-8a5d-4d85-860c-20b896ab3b2c,TTMPCL-337,df9f109b-6c1f-4418-90ff-f4e93f94c34e,200000.0,2022-09-23,Consolidated,b198e126-e1da-4b15-b07e-417fa9e5b678,9
f9299ecf-dfe6-4e1b-a7ec-d41c3c0d118e,TTMPCL-338,df9f109b-6c1f-4418-90ff-f4e93f94c34e,250000.0,2023-10-14,Consolidated,b198e126-e1da-4b15-b07e-417fa9e5b678,10
2db973a6-eda5-4eb8-8e62-0ac4d369d97f,TTMPCL-341,93f84bb6-c1d7-4136-89a4-2860eb90601e,70000.0,2023-05-03,Consolidated,78cc7196-d6a6-4494-b1d2-cc803aab96c0,5
f11c26c3-b4fe-4b61-8f9f-8d81d4c078cc,TTMPCL-342,93f84bb6-c1d7-4136-89a4-2860eb90601e,70000.0,2025-03-01,Consolidated,78cc7196-d6a6-4494-b1d2-cc803aab96c0,3
179a3740-18b8-4785-82f5-d0f31508720e,TTMPCL-343,698976ca-f760-41ec-9452-cf73c78e6f47,200000.0,2022-01-12,Consolidated,dc1183b9-b4e8-4eee-b9e4-1c6e61a49901,1
49d54f31-86b6-4ddf-9b2a-dce39a3328d6,TTMPCL-344,698976ca-f760-41ec-9452-cf73c78e6f47,140000.0,2023-02-24,Consolidated,dc1183b9-b4e8-4eee-b9e4-1c6e61a49901,2
75e80efb-f98b-40af-a009-c988ae85a961,TTMPCL-345,698976ca-f760-41ec-9452-cf73c78e6f47,170000.0,2023-12-21,Consolidated,dc1183b9-b4e8-4eee-b9e4-1c6e61a49901,12
d8e37d29-8ecb-4053-9ad9-90caff7e769a,TTMPCL-346,698976ca-f760-41ec-9452-cf73c78e6f47,230000.0,2025-05-03,Consolidated,dc1183b9-b4e8-4eee-b9e4-1c6e61a49901,5
cde27afd-7415-4526-8d41-8c59a6e49057,TTMPCL-347,698976ca-f760-41ec-9452-cf73c78e6f47,20000.0,2025-11-28,Emergency,dc1183b9-b4e8-4eee-b9e4-1c6e61a49901,11
e18badec-cdab-49fb-847b-12fdece64e12,TTMPCL-348,ae60a5a3-dbf2-46cd-8ca7-b39a092c3167,40000.0,2022-11-08,Consolidated,9000ed79-5b32-4a84-beaf-251b736a17d2,11
88c69ecf-b8c0-4447-9ffe-bd6300aef5f3,TTMPCL-349,ae60a5a3-dbf2-46cd-8ca7-b39a092c3167,50000.0,2024-03-09,Consolidated,9000ed79-5b32-4a84-beaf-251b736a17d2,3
764f3da0-d996-4d39-939d-5434ecdfff1f,TTMPCL-350,ae60a5a3-dbf2-46cd-8ca7-b39a092c3167,10000.0,2024-12-19,Consolidated,9000ed79-5b32-4a84-beaf-251b736a17d2,12
1b1c2be5-acc0-4f0b-933b-fe5ad853d67b,TTMPCL-351,ae60a5a3-dbf2-46cd-8ca7-b39a092c3167,10000.0,2025-10-08,Emergency,9000ed79-5b32-4a84-beaf-251b736a17d2,10
ffaad9ea-91f8-4e0b-a618-57971ac64cb3,TTMPCL-352,66cb1a10-e88c-4df9-9e81-7fff1fca24b6,500000.0,2022-05-11,Consolidated,085a7677-d8a3-404e-80d7-14d36e7a1c5f,5
7e8301e6-6435-48c5-b8ec-7445c2863607,TTMPCL-353,66cb1a10-e88c-4df9-9e81-7fff1fca24b6,500000.0,2023-07-07,Consolidated,085a7677-d8a3-404e-80d7-14d36e7a1c5f,7
a0efe536-a26d-4b80-877d-45729ca1e0f2,TTMPCL-354,66cb1a10-e88c-4df9-9e81-7fff1fca24b6,500000.0,2024-09-20,Consolidated,085a7677-d8a3-404e-80d7-14d36e7a1c5f,9
2b098732-6ff5-470d-9222-7780248daa0f,TTMPCL-355,66cb1a10-e88c-4df9-9e81-7fff1fca24b6,600000.0,2025-01-21,Consolidated,085a7677-d8a3-404e-80d7-14d36e7a1c5f,1
9aa30845-d5d2-4db8-a9a5-222dd20c39b6,TTMPCL-356,66cb1a10-e88c-4df9-9e81-7fff1fca24b6,20000.0,2023-03-31,Emergency,085a7677-d8a3-404e-80d7-14d36e7a1c5f,3
91465fc5-68db-4c89-910b-cc954d181f35,TTMPCL-358,66cb1a10-e88c-4df9-9e81-7fff1fca24b6,20000.0,2025-05-10,Emergency,085a7677-d8a3-404e-80d7-14d36e7a1c5f,5
76953505-abdd-41e8-922b-77dd29d35a9b,TTMPCL-359,a7f4af51-06fd-42c9-ad44-94a065991bf6,50000.0,2025-03-17,Consolidated,9592f9e7-e278-47d4-922d-abd013c98f4e,3
e040a916-f37a-4c03-b9e6-5ca59a028024,TTMPCL-361,f3b1c404-89df-4ac2-85f1-ee924dcc0c65,320000.0,2022-05-04,Consolidated,fea5f699-e066-4b21-be61-8e497b302dde,5
071acdda-8419-40ed-88aa-b3a5e3cf8ef2,TTMPCL-362,f3b1c404-89df-4ac2-85f1-ee924dcc0c65,20000.0,2024-04-16,Emergency,fea5f699-e066-4b21-be61-8e497b302dde,4
d4c7849e-942c-4339-9586-8ec0c23f85e5,TTMPCL-363,b351d696-d726-4ec8-9af8-fa7acfbec1b5,30000.0,2025-05-29,Consolidated,4d79d454-2ac3-4511-977e-275a0f3a1e94,5
b1d8a885-ad43-4e88-807e-06658f026009,TTMPCL-364,b53eb312-67b3-4be6-b174-ae9ba0feecbc,275000.0,2022-08-26,Consolidated,ca15ed0b-38ab-4970-9c03-0155fc0e90e9,8
599b2abd-7d61-4303-81eb-e46e06ffcfdd,TTMPCL-365,b53eb312-67b3-4be6-b174-ae9ba0feecbc,275000.0,2023-02-28,Consolidated,ca15ed0b-38ab-4970-9c03-0155fc0e90e9,2
464a49aa-8802-432c-a992-090f1f5aa155,TTMPCL-366,b53eb312-67b3-4be6-b174-ae9ba0feecbc,275000.0,2023-08-23,Consolidated,ca15ed0b-38ab-4970-9c03-0155fc0e90e9,8
a09adcdb-095b-46e9-a0ae-6349835aa1e2,TTMPCL-367,b53eb312-67b3-4be6-b174-ae9ba0feecbc,275000.0,2024-02-17,Consolidated,ca15ed0b-38ab-4970-9c03-0155fc0e90e9,2
89784acb-87e6-47b8-9cf1-a4fb6cc3b937,TTMPCL-368,b53eb312-67b3-4be6-b174-ae9ba0feecbc,275000.0,2024-09-10,Consolidated,ca15ed0b-38ab-4970-9c03-0155fc0e90e9,9
ddc08ea0-b09c-47af-91e5-43957319e798,TTMPCL-369,b53eb312-67b3-4be6-b174-ae9ba0feecbc,300000.0,2025-04-08,Consolidated,ca15ed0b-38ab-4970-9c03-0155fc0e90e9,4
f1d500df-c44d-41b2-a355-602e67aba23d,TTMPCL-370,c10fe34f-cd69-4c78-9833-728189424060,40000.0,2024-08-28,Consolidated,3b775ee6-b4bb-411e-b4b5-9d5672b0c745,8
285630c1-1735-47f3-b971-c3f0a4f3d6d8,TTMPCL-371,793ceda8-6f9e-4c1c-95d9-a057b29ec476,50000.0,2025-04-12,Consolidated,42cbe407-2697-4ccd-b44a-871f69080eec,4
d640a25c-3146-4b10-8f16-07f23939ce89,TTMPCL-372,daa35203-aa40-4218-ad78-9ef458d7c344,40000.0,2024-02-22,Consolidated,57509130-7de3-4140-a908-cff8e68d6423,2
12e9718d-34ce-409f-92b0-0b95dca2b6c2,TTMPCL-373,daa35203-aa40-4218-ad78-9ef458d7c344,40000.0,2025-03-05,Consolidated,57509130-7de3-4140-a908-cff8e68d6423,3
a3eb3ef3-405d-4bc4-a791-0f66a5e0cfef,TTMPCL-374,daa35203-aa40-4218-ad78-9ef458d7c344,25000.0,2025-09-04,Consolidated,57509130-7de3-4140-a908-cff8e68d6423,9
2bf76477-b8b7-4285-9a17-ac9ab0549cfc,TTMPCL-375,06096c8b-bde1-4c2b-8238-f6ea8ce9bf69,240000.0,2022-12-13,Consolidated,753f3f31-7a00-447e-a9eb-1601fdb0b758,12
767f593f-d673-467c-b816-30ff323d944d,TTMPCL-376,06096c8b-bde1-4c2b-8238-f6ea8ce9bf69,240000.0,2023-07-04,Consolidated,753f3f31-7a00-447e-a9eb-1601fdb0b758,7
bb7857a9-fa9f-47ff-b2cf-61b54dc53f07,TTMPCL-377,06096c8b-bde1-4c2b-8238-f6ea8ce9bf69,240000.0,2023-12-13,Consolidated,753f3f31-7a00-447e-a9eb-1601fdb0b758,12
b75d39de-1421-41e6-8048-15d14f3fa7f1,TTMPCL-378,06096c8b-bde1-4c2b-8238-f6ea8ce9bf69,240000.0,2024-10-11,Consolidated,753f3f31-7a00-447e-a9eb-1601fdb0b758,10
047dee9a-fde0-4799-b39a-ec8caa681d82,TTMPCL-379,06096c8b-bde1-4c2b-8238-f6ea8ce9bf69,240000.0,2025-04-15,Consolidated,753f3f31-7a00-447e-a9eb-1601fdb0b758,4
8f986e29-89ad-4ca1-ad6a-ac5c216a6bb4,TTMPCL-380,06096c8b-bde1-4c2b-8238-f6ea8ce9bf69,240000.0,2025-12-06,Consolidated,753f3f31-7a00-447e-a9eb-1601fdb0b758,12
805d30d6-79c7-467f-8859-a557977e1b5e,TTMPCL-381,0782c20e-aaa2-4f61-abb2-fb4411083679,100000.0,2022-05-06,Consolidated,fdd5167e-4ee4-4cab-b761-9a7d470ee436,5
926f445d-6013-4126-b5d9-1ad0c0f1209b,TTMPCL-382,0782c20e-aaa2-4f61-abb2-fb4411083679,170000.0,2022-11-12,Consolidated,fdd5167e-4ee4-4cab-b761-9a7d470ee436,11
53abb25a-d9cb-42d8-8f5f-7690e86d5cbb,TTMPCL-383,0782c20e-aaa2-4f61-abb2-fb4411083679,275000.0,2023-04-25,Consolidated,fdd5167e-4ee4-4cab-b761-9a7d470ee436,4
783fc9a0-277e-41b0-a4f3-73c20483c3c2,TTMPCL-384,0782c20e-aaa2-4f61-abb2-fb4411083679,275000.0,2024-01-16,Consolidated,fdd5167e-4ee4-4cab-b761-9a7d470ee436,1
117c7db9-5555-4180-b968-254a813ac02a,TTMPCL-385,0782c20e-aaa2-4f61-abb2-fb4411083679,210000.0,2025-01-10,Consolidated,fdd5167e-4ee4-4cab-b761-9a7d470ee436,1
31df390a-00cb-4a25-98e6-5b8782c6a34b,TTMPCL-389,90631930-ab49-47db-a73b-9d92ade2624b,15000.0,2025-04-05,Consolidated,0ed6eb36-934b-411b-9065-6ec2105db0f9,4
bae65e6c-2f9c-49f6-8148-6d416073a914,TTMPCL-391,34a17b2c-487d-465b-9c34-93348bd89b74,370000.0,2023-07-06,Consolidated,88b5eaaf-b543-4e0b-844e-5fc02f69659d,7
b7ac5fd9-74e9-44fa-a252-91b48a145fd6,TTMPCL-392,34a17b2c-487d-465b-9c34-93348bd89b74,300000.0,2024-07-05,Consolidated,88b5eaaf-b543-4e0b-844e-5fc02f69659d,7
56d111ba-9a52-4899-b8d9-6d56ac2aa5f6,TTMPCL-393,34a17b2c-487d-465b-9c34-93348bd89b74,245000.0,2025-03-05,Consolidated,88b5eaaf-b543-4e0b-844e-5fc02f69659d,3
e679bcd4-95c5-4ee8-8b74-284499c2c890,TTMPCL-394,34a17b2c-487d-465b-9c34-93348bd89b74,200000.0,2025-11-15,Consolidated,88b5eaaf-b543-4e0b-844e-5fc02f69659d,11
6cb60837-19bc-48aa-9bc2-3bc0f9ba2515,TTMPCL-396,48542918-bc14-4a1b-8834-ae0515724121,350000.0,2022-06-18,Consolidated,b2d0f068-0aef-44c2-860d-22310b5ee899,6
438b2371-b09a-412b-b3c2-f7d4c3ce6317,TTMPCL-397,48542918-bc14-4a1b-8834-ae0515724121,350000.0,2023-04-04,Consolidated,b2d0f068-0aef-44c2-860d-22310b5ee899,4
bf57f15b-2024-42a8-b95f-578cccc89af1,TTMPCL-398,48542918-bc14-4a1b-8834-ae0515724121,600000.0,2024-02-02,Consolidated,b2d0f068-0aef-44c2-860d-22310b5ee899,2
0828d38b-9322-4da6-9fcc-107e7605d1a5,TTMPCL-399,48542918-bc14-4a1b-8834-ae0515724121,650000.0,2025-04-15,Consolidated,b2d0f068-0aef-44c2-860d-22310b5ee899,4
ddb89c7f-bb4f-4c81-8952-b3398542f3c9,TTMPCL-402,48542918-bc14-4a1b-8834-ae0515724121,150000.0,2022-07-27,Consolidated,b2d0f068-0aef-44c2-860d-22310b5ee899,7
c9b2f4e5-2bd1-414f-83c8-ef3800b25c29,TTMPCL-404,5ee23fbf-0290-468b-8946-6a312a0f7744,75000.0,2022-11-10,Consolidated,b64abe3e-658b-4a79-ab83-2825af7b2811,11
59667372-f364-4dcc-af46-a1aa85f9164d,TTMPCL-405,5ee23fbf-0290-468b-8946-6a312a0f7744,100000.0,2023-11-14,Consolidated,b64abe3e-658b-4a79-ab83-2825af7b2811,11
978185d1-c4eb-47a2-8577-3c5b145911c4,TTMPCL-406,5ee23fbf-0290-468b-8946-6a312a0f7744,150000.0,2025-01-15,Consolidated,b64abe3e-658b-4a79-ab83-2825af7b2811,1
70442015-b08c-4f65-8872-59b5fe505322,TTMPCL-407,cbccaa55-7766-4f82-a5ca-3871bb55b5cc,145000.0,2022-06-15,Consolidated,77e0f38f-dd0d-4669-8a04-417269a94a63,6
e84413c7-b6d9-49da-b79e-6c99f94517f0,TTMPCL-408,cbccaa55-7766-4f82-a5ca-3871bb55b5cc,85000.0,2023-01-19,Consolidated,77e0f38f-dd0d-4669-8a04-417269a94a63,1
fbc06bca-76b9-47fd-af1b-5fad60873fcd,TTMPCL-409,cbccaa55-7766-4f82-a5ca-3871bb55b5cc,50000.0,2024-09-10,Consolidated,77e0f38f-dd0d-4669-8a04-417269a94a63,9
583ccdf4-a07f-49b9-9aaf-ea2b23d47ddc,TTMPCL-410,cbccaa55-7766-4f82-a5ca-3871bb55b5cc,150000.0,2025-09-17,Consolidated,77e0f38f-dd0d-4669-8a04-417269a94a63,9
18dea00f-5515-4d6b-aca7-5d573b2df7ad,TTMPCL-417,2eced28f-aba3-4706-85c8-91b5153166a5,300000.0,2022-07-02,Consolidated,02c393bf-c8c9-4123-8074-2c23c961ca5f,7
8077e958-471a-44fc-aee1-1d6d841d75b8,TTMPCL-418,2eced28f-aba3-4706-85c8-91b5153166a5,350000.0,2023-02-01,Consolidated,02c393bf-c8c9-4123-8074-2c23c961ca5f,2
624e60c1-b364-459b-bba4-02c2aaab2d52,TTMPCL-419,2eced28f-aba3-4706-85c8-91b5153166a5,450000.0,2023-08-18,Consolidated,02c393bf-c8c9-4123-8074-2c23c961ca5f,8
2b8dce51-b1e3-467f-b4fa-2a73a1f7ca3f,TTMPCL-420,2eced28f-aba3-4706-85c8-91b5153166a5,500000.0,2024-02-27,Consolidated,02c393bf-c8c9-4123-8074-2c23c961ca5f,2
a60de577-a4f2-401e-b9ef-72cc3afeeca0,TTMPCL-421,2eced28f-aba3-4706-85c8-91b5153166a5,600000.0,2024-08-30,Consolidated,02c393bf-c8c9-4123-8074-2c23c961ca5f,8
f92a6d73-fce5-4c49-aeb9-1cad071d12bf,TTMPCL-422,2eced28f-aba3-4706-85c8-91b5153166a5,700000.0,2024-11-27,Consolidated,02c393bf-c8c9-4123-8074-2c23c961ca5f,11
a01918a6-db35-4492-8e8b-4b180957ef16,TTMPCL-423,2eced28f-aba3-4706-85c8-91b5153166a5,650000.0,2025-12-27,Consolidated,02c393bf-c8c9-4123-8074-2c23c961ca5f,12
097d47dd-7821-421f-8e48-f9f92768c028,TTMPCL-424,5eaeeba1-62a0-4f04-a330-56fc39f966a4,60000.0,2025-01-28,Consolidated,60f5103b-4033-4aeb-a122-05469591c71d,1
a297466a-6ceb-4150-b84e-a6b511cd0be4,TTMPCL-425,5eaeeba1-62a0-4f04-a330-56fc39f966a4,20000.0,2025-07-05,Emergency,60f5103b-4033-4aeb-a122-05469591c71d,7
57b449b1-f931-4fc2-ae70-ac3630949af6,TTMPCL-426,0e1c0348-9ac1-42b9-95a5-362b79f07864,275000.0,2025-06-21,Consolidated,dc424c0f-b297-433d-82c0-3a19a763a9dc,6
5a6d3d46-9d8f-4a89-9f7e-d2acda540f1d,TTMPCL-427,0e1c0348-9ac1-42b9-95a5-362b79f07864,230000.0,2025-12-26,Consolidated,dc424c0f-b297-433d-82c0-3a19a763a9dc,12
24a3cdfb-6e7f-4fcc-a491-5d24028b0828,TTMPCL-428,cdd65789-bdfb-4735-b732-a4d2e02e8696,20000.0,2022-02-11,Consolidated,60240075-a1d0-49d8-a27b-b528814207b6,2
ab8ab145-35d6-4094-b32a-74b186f142df,TTMPCL-429,cdd65789-bdfb-4735-b732-a4d2e02e8696,20000.0,2023-03-10,Consolidated,60240075-a1d0-49d8-a27b-b528814207b6,3
3284c168-e126-4e73-816d-ed1b89d73a6f,TTMPCL-430,cdd65789-bdfb-4735-b732-a4d2e02e8696,20000.0,2025-01-21,Consolidated,60240075-a1d0-49d8-a27b-b528814207b6,1
3d1fca9f-9638-4f76-bd24-993716921cd6,TTMPCL-436,f4620d4b-dd9d-4c04-a90b-b4c527b77f84,575000.0,2025-09-03,Consolidated,72962c35-6ee7-4697-ac3b-dc0a0d6a2bb6,9
586832ac-ff66-4568-8cfa-29d406f9154d,TTMPCL-437,5290ed04-215a-4990-8eab-636bb5040f3c,300000.0,2023-03-03,Consolidated,bd12ce07-875a-425e-aada-b1ec2f36653d,3
21710228-1a21-4792-a963-ecd9e27a0da4,TTMPCL-438,5290ed04-215a-4990-8eab-636bb5040f3c,600000.0,2025-09-03,Consolidated,bd12ce07-875a-425e-aada-b1ec2f36653d,9
93e07d20-6b4c-41b6-92a8-cb52d3e80714,TTMPCL-440,e7141867-185f-4431-9d18-f492c40fe575,600000.0,2025-09-03,Consolidated,d04db366-6b86-4f25-b747-b927f5ff2f7c,9
a00fd4a0-b88a-44e0-bd26-a14f3ff9bb47,TTMPCL-441,e7141867-185f-4431-9d18-f492c40fe575,500000.0,2023-01-05,Consolidated,d04db366-6b86-4f25-b747-b927f5ff2f7c,1
b015ba39-58a4-4317-974e-192075b14c0c,TTMPCL-443,09a1a3ab-ddb4-4b57-b1a4-8dced5203c04,155000.0,2023-05-27,Consolidated,adb00aa2-32a8-4338-bf85-d74562e572b6,5
539d7a42-2771-4b73-8537-e9f0fdbc4301,TTMPCL-444,09a1a3ab-ddb4-4b57-b1a4-8dced5203c04,100000.0,2024-09-05,Consolidated,adb00aa2-32a8-4338-bf85-d74562e572b6,9
6a2dd1fe-834d-4116-9682-b208b4c1839c,TTMPCL-445,09a1a3ab-ddb4-4b57-b1a4-8dced5203c04,100000.0,2025-04-30,Consolidated,adb00aa2-32a8-4338-bf85-d74562e572b6,4
db719ed6-70b7-4fee-91a0-b956797a881e,TTMPCL-446,09a1a3ab-ddb4-4b57-b1a4-8dced5203c04,160000.0,2025-07-15,Consolidated,adb00aa2-32a8-4338-bf85-d74562e572b6,7
f7b68844-5c3a-4dbd-a044-93a9628e7153,TTMPCL-447,09191c77-c1ea-4054-be35-0b4029e7e5db,100000.0,2023-04-15,Consolidated,144484ac-9b41-4582-84d4-2234898474c0,4
02f52d01-fe4e-443c-a64c-3bf40ed05dc3,TTMPCL-448,c911277a-dd1e-49f4-84c1-307bba840f87,30000.0,2023-10-18,Consolidated,a4f1616f-4c6f-42cd-92dd-c9d1a765b1f2,10
c2ab269f-8cd9-443c-8ece-585a4d7c9565,TTMPCL-450,db88c958-26ef-4fd0-bc5b-f6914cf04f02,50000.0,2023-05-24,Consolidated,ec745d32-6166-495a-abd6-bfb747a47be6,5
a6feed5d-6a5c-49f0-8664-cc013dcf56d3,TTMPCL-451,db88c958-26ef-4fd0-bc5b-f6914cf04f02,150000.0,2024-12-19,Consolidated,ec745d32-6166-495a-abd6-bfb747a47be6,12
a68190af-5d5f-4f0d-b3f2-ce24636cefc3,TTMPCL-452,ba1df9c9-2e6f-4f7f-8331-177d773c4769,210000.0,2024-05-21,Consolidated,09a32eb7-e584-47bb-a937-8316f8199fec,5
2635220c-0aab-4aff-8870-61bf802b0aea,TTMPCL-453,6c455bb1-a1e6-4b45-a8ff-09211f7efb89,160000.0,2025-08-02,Consolidated,76e495f4-2c24-4242-a3b9-a9e752d8e26d,8
c4697fa3-750b-459a-9097-4caa6809097f,TTMPCL-454,80375316-d178-4c8b-8ba4-9af57881d1b1,20000.0,2025-04-05,Consolidated,7d286fe4-cd37-4e28-92bd-b8f83b6b47eb,4
f8b24194-825b-4d4c-9898-a08a94871d61,TTMPCL-455,654262d9-10cf-4025-b067-d2521724fd2b,100000.0,2022-08-03,Consolidated,0c669195-d001-455a-aabf-d98e89a78115,8
c3b9070d-e642-43b2-8690-a0a4d2bd41ad,TTMPCL-456,654262d9-10cf-4025-b067-d2521724fd2b,130000.0,2023-02-28,Consolidated,0c669195-d001-455a-aabf-d98e89a78115,2
8bbea059-626f-4334-a85c-3df04d2b4bb1,TTMPCL-457,654262d9-10cf-4025-b067-d2521724fd2b,210000.0,2023-07-22,Consolidated,0c669195-d001-455a-aabf-d98e89a78115,7
993bf7c2-0ec9-4a02-8472-afc6e583e6d9,TTMPCL-458,654262d9-10cf-4025-b067-d2521724fd2b,160000.0,2024-09-12,Consolidated,0c669195-d001-455a-aabf-d98e89a78115,9
89d8cb5f-c1e3-473b-a1b6-a514f003ab9f,TTMPCL-459,654262d9-10cf-4025-b067-d2521724fd2b,200000.0,2025-02-06,Consolidated,0c669195-d001-455a-aabf-d98e89a78115,2
25f20c05-35af-41f5-a83f-1aa1657ed0c2,TTMPCL-460,ce7ffe16-b694-429f-bfaf-4a946c525dab,120000.0,2023-10-21,Consolidated,44edcefe-85c4-411c-96e1-b305a24e99bb,10
05818619-a2c1-4e69-b3bb-6c561c4bdb93,TTMPCL-461,ce7ffe16-b694-429f-bfaf-4a946c525dab,160000.0,2025-08-01,Consolidated,44edcefe-85c4-411c-96e1-b305a24e99bb,8
32a4dbc9-8779-4828-ad7c-56df6ce67fe7,TTMPCL-463,b23858ee-b120-465e-94c1-61562346ccda,35000.0,2024-04-18,Consolidated,aef156af-fa3d-4261-9856-c3edf3eba2bf,4
d3a8d204-33df-4b60-a8b5-f181a65fe4ad,TTMPCL-464,b23858ee-b120-465e-94c1-61562346ccda,90000.0,2024-10-18,Consolidated,aef156af-fa3d-4261-9856-c3edf3eba2bf,10
a066c7d3-118b-4b5a-8268-f87787c2992f,TTMPCL-465,b23858ee-b120-465e-94c1-61562346ccda,60000.0,2025-09-25,Consolidated,aef156af-fa3d-4261-9856-c3edf3eba2bf,9
d48a7859-260b-4bfc-995c-2a05cf9fd7b2,TTMPCL-467,6cbdb92e-7455-4140-b88d-cf42e51898cf,50000.0,2023-04-05,Consolidated,c80970ae-5868-40e9-8024-fd3ca8bbcee3,4
6a055621-27a9-43a2-bdd3-7ae908d29dc4,TTMPCL-468,6cbdb92e-7455-4140-b88d-cf42e51898cf,100000.0,2023-12-07,Consolidated,c80970ae-5868-40e9-8024-fd3ca8bbcee3,12
2ab193e1-8180-4d4d-a71e-f4d56bc654aa,TTMPCL-469,6cbdb92e-7455-4140-b88d-cf42e51898cf,30000.0,2024-09-27,Consolidated,c80970ae-5868-40e9-8024-fd3ca8bbcee3,9
4b328257-7cce-42cf-84ca-f840c4ff81d3,TTMPCL-471,278de1cb-b323-4851-9fb6-4f60bff75675,200000.0,2024-08-23,Consolidated,ec001307-75e3-482c-933a-63245a96247c,8
c537812b-0805-4a5d-84a5-bd1d0f349fd7,TTMPCL-472,278de1cb-b323-4851-9fb6-4f60bff75675,120000.0,2025-08-02,Consolidated,ec001307-75e3-482c-933a-63245a96247c,8
5e115532-654b-4977-a112-8cb6d6b63064,TTMPCL-475,aea1c206-5a5a-4a40-ab3a-2a83d2ef5b3a,80000.0,2023-03-28,Consolidated,035eb059-2785-4350-bc7c-3a8ab6b4acfb,3
5ed8243c-e86e-46e6-a858-4e87d145a9de,TTMPCL-476,f26ed485-e2b7-4997-9a0d-8cf113450003,60000.0,2023-03-11,Consolidated,b4393306-54d6-44ef-8a9e-9890a6536627,3
11474473-d75f-4d8d-8ac6-0b4dae8b369d,TTMPCL-477,f26ed485-e2b7-4997-9a0d-8cf113450003,50000.0,2025-08-08,Consolidated,b4393306-54d6-44ef-8a9e-9890a6536627,8
2350b4b8-be9a-4746-acd3-7db4a46303df,TTMPCL-478,85aed55b-1b76-4b85-9e04-2d39a1728c80,40000.0,2022-07-21,Consolidated,a52c386d-6eb7-4a66-9d35-ce90cf6de387,7
a68e7f26-0e9f-4721-8236-2f3893e32979,TTMPCL-479,85aed55b-1b76-4b85-9e04-2d39a1728c80,50000.0,2023-03-07,Consolidated,a52c386d-6eb7-4a66-9d35-ce90cf6de387,3
072cacc6-48a5-44a9-b4e3-ccaa8332b49f,TTMPCL-480,384e9ad3-b26a-46f6-96b8-f7193141d2cc,470000.0,2022-07-26,Consolidated,7997e230-541e-488f-9116-cfe83ffd5751,7
9660dd75-68c9-456d-ad47-1fc11864bf5a,TTMPCL-481,384e9ad3-b26a-46f6-96b8-f7193141d2cc,450000.0,2023-07-22,Consolidated,7997e230-541e-488f-9116-cfe83ffd5751,7
5d93db48-7a3e-479d-8b10-1550e78aa6c0,TTMPCL-482,384e9ad3-b26a-46f6-96b8-f7193141d2cc,430000.0,2024-02-01,Consolidated,7997e230-541e-488f-9116-cfe83ffd5751,2
2adb517c-c5c7-4425-8efb-47c6728f32f8,TTMPCL-483,384e9ad3-b26a-46f6-96b8-f7193141d2cc,460000.0,2024-09-12,Consolidated,7997e230-541e-488f-9116-cfe83ffd5751,9
2dbe0e70-a3e5-4913-aeed-c8ade6da66c3,TTMPCL-484,384e9ad3-b26a-46f6-96b8-f7193141d2cc,530000.0,2025-03-22,Consolidated,7997e230-541e-488f-9116-cfe83ffd5751,3
3e5c92e5-0b57-485d-a5ac-f96df7aeacc1,TTMPCL-485,384e9ad3-b26a-46f6-96b8-f7193141d2cc,20000.0,2022-03-05,Emergency,7997e230-541e-488f-9116-cfe83ffd5751,3
5b3234d4-152f-4da8-85bd-6b40bec23c1d,TTMPCL-486,384e9ad3-b26a-46f6-96b8-f7193141d2cc,20000.0,2023-09-22,Emergency,7997e230-541e-488f-9116-cfe83ffd5751,9
89a28f95-5692-4cbf-94ea-60c0ffd8d8bf,TTMPCL-487,384e9ad3-b26a-46f6-96b8-f7193141d2cc,20000.0,2024-04-18,Emergency,7997e230-541e-488f-9116-cfe83ffd5751,4
8c4bb174-dda8-4baa-b49e-500137e0b3a7,TTMPCL-488,384e9ad3-b26a-46f6-96b8-f7193141d2cc,20000.0,2025-05-08,Emergency,7997e230-541e-488f-9116-cfe83ffd5751,5
5189ad18-ddfb-41da-8d07-f281adc5d7fb,TTMPCL-489,384e9ad3-b26a-46f6-96b8-f7193141d2cc,10000.0,2025-12-06,Emergency,7997e230-541e-488f-9116-cfe83ffd5751,12
8b0712a3-5e6e-402a-843f-8d0587399883,TTMPCL-491,cf8dce58-70d2-434a-896f-25211904fbaf,250000.0,2022-07-01,Consolidated,5c1c94fa-9133-4a3a-bef9-6095e420b0cc,7
b3be5d91-8d8f-472f-805f-c23df2b415cf,TTMPCL-492,cf8dce58-70d2-434a-896f-25211904fbaf,250000.0,2023-06-24,Consolidated,5c1c94fa-9133-4a3a-bef9-6095e420b0cc,6
f4757c0c-41fd-4694-ad13-c7132eb12d02,TTMPCL-493,cf8dce58-70d2-434a-896f-25211904fbaf,250000.0,2024-06-19,Consolidated,5c1c94fa-9133-4a3a-bef9-6095e420b0cc,6
c9b75a56-08e9-4856-92dd-1c183146621d,TTMPCL-494,cf8dce58-70d2-434a-896f-25211904fbaf,300000.0,2025-07-02,Consolidated,5c1c94fa-9133-4a3a-bef9-6095e420b0cc,7
977f24e4-c8c5-408b-a7ff-ae2f8b3bfb26,TTMPCL-496,3d298767-35ba-4943-b95c-7d5df1e17176,150000.0,2022-09-07,Consolidated,f8580cfa-46db-4082-ba29-215d3ca2655e,9
11f3fb52-ee6d-44fe-95ea-2651a12935f1,TTMPCL-497,3d298767-35ba-4943-b95c-7d5df1e17176,180000.0,2023-06-24,Consolidated,f8580cfa-46db-4082-ba29-215d3ca2655e,6
4f07b8aa-67d4-4619-8550-33ffd37d159d,TTMPCL-498,3d298767-35ba-4943-b95c-7d5df1e17176,220000.0,2024-04-06,Consolidated,f8580cfa-46db-4082-ba29-215d3ca2655e,4
c3f746e0-2c78-47e5-846b-d7ebe125b280,TTMPCL-499,3d298767-35ba-4943-b95c-7d5df1e17176,300000.0,2024-12-21,Consolidated,f8580cfa-46db-4082-ba29-215d3ca2655e,12
08b759c8-956f-4b85-98a9-017bf10bbe65,TTMPCL-500,3d298767-35ba-4943-b95c-7d5df1e17176,350000.0,2025-10-15,Consolidated,f8580cfa-46db-4082-ba29-215d3ca2655e,10
ab44ec55-5810-4900-89fb-8598f01f9ca3,TTMPCL-501,3d298767-35ba-4943-b95c-7d5df1e17176,20000.0,2024-07-18,Emergency,f8580cfa-46db-4082-ba29-215d3ca2655e,7
127d3aa7-576b-44f3-ad78-a0966061c563,TTMPCL-502,3d298767-35ba-4943-b95c-7d5df1e17176,20000.0,2025-06-04,Emergency,f8580cfa-46db-4082-ba29-215d3ca2655e,6
cfb5c69a-977a-4773-b7e6-bcaa11ec098e,TTMPCL-503,f7235887-a8ac-4090-865f-89cee331599b,50000.0,2025-03-01,Consolidated,33ad326f-26c1-4a62-a202-4d0b6c0b76e3,3
968c5a2e-4ed0-4f7e-bdfd-71728b4f63ee,TTMPCL-504,4e4a8158-692e-47b7-970c-dc8ba560d8bd,450000.0,2022-08-13,Consolidated,2e1c5b3c-7338-47ce-b025-855cf81b1bbb,8
a10cb3a5-7008-45f8-9ac0-371c374af983,TTMPCL-505,4e4a8158-692e-47b7-970c-dc8ba560d8bd,450000.0,2023-02-03,Consolidated,2e1c5b3c-7338-47ce-b025-855cf81b1bbb,2
3becc14c-e306-4d1c-981c-d4315fbce4f3,TTMPCL-506,4e4a8158-692e-47b7-970c-dc8ba560d8bd,450000.0,2023-08-04,Consolidated,2e1c5b3c-7338-47ce-b025-855cf81b1bbb,8
f60a6d28-9ded-41a6-a2e7-7c9e0495f198,TTMPCL-507,4e4a8158-692e-47b7-970c-dc8ba560d8bd,450000.0,2024-02-28,Consolidated,2e1c5b3c-7338-47ce-b025-855cf81b1bbb,2
396c1d71-2848-4f07-bf29-db0331b567b0,TTMPCL-508,4e4a8158-692e-47b7-970c-dc8ba560d8bd,450000.0,2024-08-08,Consolidated,2e1c5b3c-7338-47ce-b025-855cf81b1bbb,8
59e8e6cf-4821-4b4f-9630-88e903f9eeb6,TTMPCL-509,4e4a8158-692e-47b7-970c-dc8ba560d8bd,450000.0,2025-02-04,Consolidated,2e1c5b3c-7338-47ce-b025-855cf81b1bbb,2
938f181a-f02b-49c7-b7ca-0bb78198a5ca,TTMPCL-510,4e4a8158-692e-47b7-970c-dc8ba560d8bd,450000.0,2025-08-02,Consolidated,2e1c5b3c-7338-47ce-b025-855cf81b1bbb,8
9118d5a0-1cb2-4848-9c7f-7ef83d6daebd,TTMPCL-511,0c478157-f955-41bb-b500-287a06793800,150000.0,2023-12-20,Consolidated,02b1abfa-54f9-4b46-aed1-35f0afa5a5bf,12
187d45af-b805-4b7f-8cb7-50bd0d6d4627,TTMPCL-512,0c478157-f955-41bb-b500-287a06793800,100000.0,2025-12-02,Consolidated,02b1abfa-54f9-4b46-aed1-35f0afa5a5bf,12
c512bb54-89b8-40cf-b5e4-94fc248baa89,TTMPCL-513,ef6d7be4-2238-4904-861c-5d32ddc5a2e0,40000.0,2022-06-22,Consolidated,90ed7ede-5035-4d77-a183-d6df11233730,6
d7d93c32-37d1-49c5-843b-e616ffac2ba0,TTMPCL-514,ef6d7be4-2238-4904-861c-5d32ddc5a2e0,50000.0,2023-08-05,Consolidated,90ed7ede-5035-4d77-a183-d6df11233730,8
78035675-9f31-4854-9e95-67fc49bd6372,TTMPCL-515,ef6d7be4-2238-4904-861c-5d32ddc5a2e0,60000.0,2024-06-18,Consolidated,90ed7ede-5035-4d77-a183-d6df11233730,6
0cea819d-75b5-4434-bbae-c0456eef8cfd,TTMPCL-516,ef6d7be4-2238-4904-861c-5d32ddc5a2e0,60000.0,2025-08-01,Consolidated,90ed7ede-5035-4d77-a183-d6df11233730,8
3063e8ac-5f7f-44a5-a72c-e7a08a55c14e,TTMPCL-522,b9178a91-9456-4e13-a2ec-cc978ee4ead2,20000.0,2024-03-23,Consolidated,aa1050a4-2a29-47d4-93e1-f9472efbc080,3
c52605ff-8e85-4878-b859-af38a4b73bb0,TTMPCL-523,3fc67c14-9e72-4cd6-be63-26ea6cfb2f54,100000.0,2023-03-07,Consolidated,dff6e85a-518a-400c-8ba5-86d2a3c9b3f3,3
7dccda61-83b4-4aab-bb28-1555376a3b88,TTMPCL-524,3fc67c14-9e72-4cd6-be63-26ea6cfb2f54,140000.0,2024-02-13,Consolidated,dff6e85a-518a-400c-8ba5-86d2a3c9b3f3,2
3d903617-24b0-4856-885d-6ba35cf0270f,TTMPCL-525,3fc67c14-9e72-4cd6-be63-26ea6cfb2f54,200000.0,2025-10-22,Consolidated,dff6e85a-518a-400c-8ba5-86d2a3c9b3f3,10
5d66d110-0dc3-4b66-a527-021809609b5b,TTMPCL-532,8a9c1cf4-609d-41a0-a308-8d8cd5c4ea9d,160000.0,2022-08-09,Consolidated,409c1b72-c7d4-4cdb-a01f-961b56de56d5,8
2fbcf85e-29a3-4696-9cd4-ca53deaff874,TTMPCL-533,8a9c1cf4-609d-41a0-a308-8d8cd5c4ea9d,275000.0,2023-03-08,Consolidated,409c1b72-c7d4-4cdb-a01f-961b56de56d5,3
be9d14d6-ba14-48d7-9669-a8b96fcbef91,TTMPCL-534,8a9c1cf4-609d-41a0-a308-8d8cd5c4ea9d,275000.0,2024-04-17,Consolidated,409c1b72-c7d4-4cdb-a01f-961b56de56d5,4
a2d2ca95-4089-4262-a0db-5c84831c885c,TTMPCL-535,8a9c1cf4-609d-41a0-a308-8d8cd5c4ea9d,275000.0,2024-11-21,Consolidated,409c1b72-c7d4-4cdb-a01f-961b56de56d5,11
d232a345-959d-4b7d-9bf7-6dc636c6f439,TTMPCL-536,8a9c1cf4-609d-41a0-a308-8d8cd5c4ea9d,375000.0,2025-07-22,Consolidated,409c1b72-c7d4-4cdb-a01f-961b56de56d5,7
9493563b-4e6f-40df-9ca2-c214c9575310,TTMPCL-537,8a9c1cf4-609d-41a0-a308-8d8cd5c4ea9d,15000.0,2022-04-01,Emergency,409c1b72-c7d4-4cdb-a01f-961b56de56d5,4
39fa7969-8dc9-4478-b612-9b69d9224e15,TTMPCL-538,8a9c1cf4-609d-41a0-a308-8d8cd5c4ea9d,10000.0,2023-06-14,Emergency,409c1b72-c7d4-4cdb-a01f-961b56de56d5,6
e6ca8a1a-0ab3-4598-8e77-61d23c34a241,TTMPCL-539,8a9c1cf4-609d-41a0-a308-8d8cd5c4ea9d,10000.0,2024-07-16,Emergency,409c1b72-c7d4-4cdb-a01f-961b56de56d5,7
e59e9e69-b0f2-41b9-92c9-6afd959f64dc,TTMPCL-540,8a9c1cf4-609d-41a0-a308-8d8cd5c4ea9d,20000.0,2025-10-21,Emergency,409c1b72-c7d4-4cdb-a01f-961b56de56d5,10
f922f8d5-d901-4419-97fd-649e2553ce50,TTMPCL-541,dc0ab86b-3c7d-4206-b936-2bc0c1c4dea7,100000.0,2023-10-18,Consolidated,6317e02f-2d51-4142-9076-d63023b6f3c3,10
a2cac705-7265-495f-873d-89bdfd05ba68,TTMPCL-542,dc0ab86b-3c7d-4206-b936-2bc0c1c4dea7,150000.0,2024-04-20,Consolidated,6317e02f-2d51-4142-9076-d63023b6f3c3,4
af11a0fa-4e19-4894-94e1-d2a593d56b8a,TTMPCL-543,dc0ab86b-3c7d-4206-b936-2bc0c1c4dea7,100000.0,2025-05-02,Consolidated,6317e02f-2d51-4142-9076-d63023b6f3c3,5
b6bcbeb6-d60f-449f-87a4-f3184a5cbeb6,TTMPCL-544,d03bf5cf-c8f5-4d18-9507-50dc4d829ad8,60000.0,2023-10-21,Consolidated,233c885d-b654-48e8-9eff-6a26bf66b0cd,10
c1eac568-2627-404e-aed4-d699674889f1,TTMPCL-545,d03bf5cf-c8f5-4d18-9507-50dc4d829ad8,100000.0,2024-05-25,Consolidated,233c885d-b654-48e8-9eff-6a26bf66b0cd,5
8d7f3c82-3c33-4768-b7b7-9e83321bfd71,TTMPCL-546,d03bf5cf-c8f5-4d18-9507-50dc4d829ad8,250000.0,2025-01-31,Consolidated,233c885d-b654-48e8-9eff-6a26bf66b0cd,1
db4706ed-47b9-45cf-bb06-7f56276a8cb4,TTMPCL-547,d03bf5cf-c8f5-4d18-9507-50dc4d829ad8,275000.0,2025-09-17,Consolidated,233c885d-b654-48e8-9eff-6a26bf66b0cd,9
4c589d42-f8a1-4c42-9d40-0ef95434a541,TTMPCL-548,d03bf5cf-c8f5-4d18-9507-50dc4d829ad8,20000.0,2024-04-06,Emergency,233c885d-b654-48e8-9eff-6a26bf66b0cd,4
59942470-8d26-4e7f-b5b3-ca2b545cec99,TTMPCL-549,d03bf5cf-c8f5-4d18-9507-50dc4d829ad8,20000.0,2024-12-21,Emergency,233c885d-b654-48e8-9eff-6a26bf66b0cd,12
cc9e2e20-9924-4553-81e3-7b3b04fd2b59,TTMPCL-550,d03bf5cf-c8f5-4d18-9507-50dc4d829ad8,20000.0,2025-11-26,Emergency,233c885d-b654-48e8-9eff-6a26bf66b0cd,11
345a2666-9d1b-4e4f-85b0-37038184aeb9,TTMPCL-551,34aa84c2-4450-4530-84ea-0b1d3cd52841,300000.0,2022-11-26,Consolidated,a4ab557a-c203-4cfa-95aa-c5b670965420,11
cd4861ed-16f6-4dc4-aca1-343d4ef2fa08,TTMPCL-552,34aa84c2-4450-4530-84ea-0b1d3cd52841,350000.0,2023-12-22,Consolidated,a4ab557a-c203-4cfa-95aa-c5b670965420,12
54b16cf5-f830-466c-a85b-c32331fe3bb9,TTMPCL-553,34aa84c2-4450-4530-84ea-0b1d3cd52841,350000.0,2024-09-07,Consolidated,a4ab557a-c203-4cfa-95aa-c5b670965420,9
8c7b1fda-faf5-498b-84ef-7172b275fdad,TTMPCL-554,34aa84c2-4450-4530-84ea-0b1d3cd52841,400000.0,2025-04-12,Consolidated,a4ab557a-c203-4cfa-95aa-c5b670965420,4
e0d577b3-9a73-40ca-a085-ebb1b5872e2c,TTMPCL-555,34aa84c2-4450-4530-84ea-0b1d3cd52841,450000.0,2025-10-17,Consolidated,a4ab557a-c203-4cfa-95aa-c5b670965420,10
f97211f7-f47f-4b02-a788-1439db538065,TTMPCL-556,34aa84c2-4450-4530-84ea-0b1d3cd52841,20000.0,2023-05-16,Emergency,a4ab557a-c203-4cfa-95aa-c5b670965420,5
de4950ea-d5b9-4a3d-942d-542dac973913,TTMPCL-557,34aa84c2-4450-4530-84ea-0b1d3cd52841,20000.0,2025-04-25,Emergency,a4ab557a-c203-4cfa-95aa-c5b670965420,4
1ade5738-f83d-47bc-a981-1614b4c9c558,TTMPCL-558,8f258a42-4e23-4815-8b37-3ccd947a2dc6,250000.0,2022-08-18,Consolidated,5947d58f-6f36-4833-a454-7ab54d7d7724,8
48ddd924-23cc-45de-bdb2-95cfa2414f92,TTMPCL-559,8f258a42-4e23-4815-8b37-3ccd947a2dc6,150000.0,2024-10-18,Consolidated,5947d58f-6f36-4833-a454-7ab54d7d7724,10
4bbab5b0-009e-42f0-b627-4796541b23b2,TTMPCL-560,8b1ce636-34c9-492d-b46a-18e3be0c718f,50000.0,2025-04-25,Consolidated,f7f81a8a-b982-4976-927f-ee4ba332d505,4
dbaf8363-c248-4178-ab1a-e65ccb691b09,TTMPCL-566,2497001f-28d5-4983-ba94-e860e6c202ef,250000.0,2022-12-29,Consolidated,5eea3944-c36c-406b-b462-d29f0622a332,12
be1a7eb7-5110-4251-8b63-35e3b92dcc99,TTMPCL-567,2497001f-28d5-4983-ba94-e860e6c202ef,250000.0,2023-09-22,Consolidated,5eea3944-c36c-406b-b462-d29f0622a332,9
144e9767-d1d2-4d56-a129-c9c638f6237a,TTMPCL-568,2497001f-28d5-4983-ba94-e860e6c202ef,250000.0,2024-05-10,Consolidated,5eea3944-c36c-406b-b462-d29f0622a332,5
130cfa9a-9843-4b4b-80c9-394f7d6b4914,TTMPCL-569,2497001f-28d5-4983-ba94-e860e6c202ef,250000.0,2025-03-08,Consolidated,5eea3944-c36c-406b-b462-d29f0622a332,3
c57642df-8f0e-4b10-9bb3-0bcddbbb00ac,TTMPCL-570,2497001f-28d5-4983-ba94-e860e6c202ef,250000.0,2025-09-17,Consolidated,5eea3944-c36c-406b-b462-d29f0622a332,9
62b740bd-0238-4bec-8752-5049d39382c0,TTMPCL-571,a21395ca-221f-47d8-b557-d45d5c0f3478,100000.0,2022-09-03,Consolidated,5c1b8c1f-41f4-437f-820b-69a6bbe53266,9
628fa5b6-d9ec-43c5-8d1f-f534c0e5ae08,TTMPCL-572,a21395ca-221f-47d8-b557-d45d5c0f3478,170000.0,2023-04-18,Consolidated,5c1b8c1f-41f4-437f-820b-69a6bbe53266,4
e1e873c4-b67f-4be3-bff3-e33cd54a41e1,TTMPCL-573,3a5b55b5-ae1b-4c92-a9c3-9e6beada2922,105000.0,2022-09-21,Consolidated,137873ab-0455-49e1-b08b-6aa29dd0080f,9
dcca9a86-61aa-4dab-83c9-fd256a9671c4,TTMPCL-574,3a5b55b5-ae1b-4c92-a9c3-9e6beada2922,100000.0,2025-01-15,Consolidated,137873ab-0455-49e1-b08b-6aa29dd0080f,1
d5c7695d-1ea9-4d4b-bbaf-fc4c5c859be9,TTMPCL-579,74d767b3-9a24-4b8a-9ce3-8e004d575edd,140000.0,2024-02-29,Consolidated,ae4124a0-b380-40bd-ab42-edc655112701,2
bbd371cb-12c0-48a0-acb1-0cf4847f8ea9,TTMPCL-580,74d767b3-9a24-4b8a-9ce3-8e004d575edd,140000.0,2025-04-08,Consolidated,ae4124a0-b380-40bd-ab42-edc655112701,4
2ffb405e-70b6-47da-8e11-3963cabed742,TTMPCL-581,c2978888-57ad-4b5c-91d2-f6a5497c1256,190000.0,2022-02-05,Consolidated,8d249465-bb80-4a07-bfd6-6269ffa15154,2
52d427ff-1584-4d10-9ddb-c331e87d9161,TTMPCL-582,c2978888-57ad-4b5c-91d2-f6a5497c1256,200000.0,2023-09-20,Consolidated,8d249465-bb80-4a07-bfd6-6269ffa15154,9
13fff276-a997-4d84-9510-17b2183c528e,TTMPCL-583,c2978888-57ad-4b5c-91d2-f6a5497c1256,30000.0,2024-09-27,Consolidated,8d249465-bb80-4a07-bfd6-6269ffa15154,9
dadb06e9-cd56-49e5-bd96-37f64507ab4c,TTMPCL-584,db46cbc9-f7b4-447a-b422-c3e844962dd0,200000.0,2022-01-07,Consolidated,152c9c2a-dc1f-42d1-8c3b-75dc0a216b1b,1
2ad084e8-1087-4c8d-af75-3b9d8e306724,TTMPCL-585,db46cbc9-f7b4-447a-b422-c3e844962dd0,300000.0,2023-01-14,Consolidated,152c9c2a-dc1f-42d1-8c3b-75dc0a216b1b,1
f4eeadee-48d7-4e36-9f1d-3217562ae253,TTMPCL-586,db46cbc9-f7b4-447a-b422-c3e844962dd0,375000.0,2023-10-13,Consolidated,152c9c2a-dc1f-42d1-8c3b-75dc0a216b1b,10
1129226a-697d-4e75-91e1-492e4ea5c016,TTMPCL-587,db46cbc9-f7b4-447a-b422-c3e844962dd0,375000.0,2024-05-14,Consolidated,152c9c2a-dc1f-42d1-8c3b-75dc0a216b1b,5
c3c385b3-6687-4605-8eb0-5e3015f75174,TTMPCL-588,db46cbc9-f7b4-447a-b422-c3e844962dd0,400000.0,2025-02-15,Consolidated,152c9c2a-dc1f-42d1-8c3b-75dc0a216b1b,2
970bfb7e-7297-4495-8d96-9391edd3b9e9,TTMPCL-589,db46cbc9-f7b4-447a-b422-c3e844962dd0,400000.0,2025-08-30,Consolidated,152c9c2a-dc1f-42d1-8c3b-75dc0a216b1b,8
2f48bd42-81a3-46c3-a155-45c50e46d70a,TTMPCL-592,c4a9e886-b036-400c-a5b6-e91119f15772,250000.0,2022-11-08,Consolidated,5b692264-ac12-4848-9321-4efc0e9398e9,11
9121380a-bd45-4776-b1ed-bcf4ccea5aa5,TTMPCL-593,c4a9e886-b036-400c-a5b6-e91119f15772,250000.0,2023-08-11,Consolidated,5b692264-ac12-4848-9321-4efc0e9398e9,8
74e58d04-df85-49d3-851e-f51534cb9de9,TTMPCL-594,c4a9e886-b036-400c-a5b6-e91119f15772,250000.0,2024-03-23,Consolidated,5b692264-ac12-4848-9321-4efc0e9398e9,3
d026f197-7677-4c66-aa76-f8a8b24e7cc9,TTMPCL-595,c4a9e886-b036-400c-a5b6-e91119f15772,250000.0,2024-12-10,Consolidated,5b692264-ac12-4848-9321-4efc0e9398e9,12
87b39c78-a10c-4e3c-8483-8c9b60357f6d,TTMPCL-596,c4a9e886-b036-400c-a5b6-e91119f15772,250000.0,2025-09-17,Consolidated,5b692264-ac12-4848-9321-4efc0e9398e9,9
59e6e6b1-3fcd-4a4c-b4e2-682b6d1217ae,TTMPCL-597,c4a9e886-b036-400c-a5b6-e91119f15772,120000.0,2024-05-04,Consolidated,5b692264-ac12-4848-9321-4efc0e9398e9,5
c3100f47-836b-4ba4-bbf1-1b46e42a2ffc,TTMPCL-598,c4a9e886-b036-400c-a5b6-e91119f15772,150000.0,2024-07-27,Consolidated,5b692264-ac12-4848-9321-4efc0e9398e9,7
b385aa32-c9fd-4bbe-aeb0-d19d527bdf14,TTMPCL-599,6718dca7-bf59-4ad3-b98d-ef860fa774f4,700000.0,2022-12-22,Consolidated,1027fb71-2315-445e-95bf-8eddcd83ea2f,12
1082171c-1a6b-4d92-990f-6c3920cb2c04,TTMPCL-600,6718dca7-bf59-4ad3-b98d-ef860fa774f4,700000.0,2023-07-06,Consolidated,1027fb71-2315-445e-95bf-8eddcd83ea2f,7
253b1ee0-4dfc-4ea7-91f6-21552f0a9ca8,TTMPCL-601,6718dca7-bf59-4ad3-b98d-ef860fa774f4,690000.0,2024-01-09,Consolidated,1027fb71-2315-445e-95bf-8eddcd83ea2f,1
07d2fae0-1893-4c2b-b0cc-4bbff0eba4b9,TTMPCL-602,6718dca7-bf59-4ad3-b98d-ef860fa774f4,670000.0,2024-07-02,Consolidated,1027fb71-2315-445e-95bf-8eddcd83ea2f,7
2164c8b0-c4b4-465a-8df2-ab27f73f1f66,TTMPCL-603,6718dca7-bf59-4ad3-b98d-ef860fa774f4,680000.0,2025-02-21,Consolidated,1027fb71-2315-445e-95bf-8eddcd83ea2f,2
ffb7d04c-0683-45a5-9002-43f3a811115e,TTMPCL-604,6718dca7-bf59-4ad3-b98d-ef860fa774f4,700000.0,2025-10-21,Consolidated,1027fb71-2315-445e-95bf-8eddcd83ea2f,10
5f9e5614-44b8-4468-b11d-b7cc1fa4ba8f,TTMPCL-605,d980416e-61f3-4f5b-b934-02d1895f2304,100000.0,2022-02-05,Consolidated,daa0f82b-962f-4529-8f5a-f0f87b10d259,2
c34d086c-8c2c-4ab3-9dfa-b8efe812d3e5,TTMPCL-606,d980416e-61f3-4f5b-b934-02d1895f2304,100000.0,2024-04-16,Consolidated,daa0f82b-962f-4529-8f5a-f0f87b10d259,4
0c013cb6-637b-408b-bbe4-692b7d70fb0f,TTMPCL-607,d980416e-61f3-4f5b-b934-02d1895f2304,160000.0,2025-09-17,Consolidated,daa0f82b-962f-4529-8f5a-f0f87b10d259,9
15f2c462-f733-4592-bf53-24222cfa747d,TTMPCL-608,756eb096-d95e-44e3-b9f8-a6a91a2cf66c,15000.0,2023-04-20,Consolidated,81287920-d2b1-44ac-a333-fa0f663011d4,4
74d29ccb-bc3d-4ea7-82e4-b297c53672a1,TTMPCL-609,756eb096-d95e-44e3-b9f8-a6a91a2cf66c,15000.0,2025-10-21,Consolidated,81287920-d2b1-44ac-a333-fa0f663011d4,10
954ceb14-826c-4c77-812e-ffa041ea06ae,TTMPCL-610,f7d48a4a-7ef6-4452-a335-af61b045fb20,100000.0,2025-12-06,Consolidated,66d84bfe-f371-400d-8329-e308cb840070,12
6bf7e08f-1740-482a-a4ae-a7b9bd193d82,TTMPCL-611,0dc66615-e377-4172-a249-3a8f4a29ceb7,60000.0,2024-10-19,Consolidated,475c680d-7fff-407c-987a-ea08a5d2f26c,10
30e91d1f-737a-4312-a07a-30e768b786ac,TTMPCL-616,a9e806f9-0b6e-4ec4-b099-9d9fa19ae35c,250000.0,2022-03-16,Consolidated,5c3856f3-f91e-4ebb-a074-2651d8817bf1,3
fda86814-9ad1-464d-b4c8-4be7bffccf6d,TTMPCL-617,a9e806f9-0b6e-4ec4-b099-9d9fa19ae35c,300000.0,2022-03-16,Consolidated,5c3856f3-f91e-4ebb-a074-2651d8817bf1,3
6f17b7e9-0e53-47c8-8bac-4ad102435420,TTMPCL-618,a9e806f9-0b6e-4ec4-b099-9d9fa19ae35c,300000.0,2023-09-30,Consolidated,5c3856f3-f91e-4ebb-a074-2651d8817bf1,9
f8464862-350b-4834-9940-672e8f77c64f,TTMPCL-619,a9e806f9-0b6e-4ec4-b099-9d9fa19ae35c,350000.0,2024-04-18,Consolidated,5c3856f3-f91e-4ebb-a074-2651d8817bf1,4
902f9758-1447-4794-a60a-4cc4224e5b59,TTMPCL-620,a9e806f9-0b6e-4ec4-b099-9d9fa19ae35c,400000.0,2025-04-08,Consolidated,5c3856f3-f91e-4ebb-a074-2651d8817bf1,4
d6aab9bf-b4a7-4147-8449-c692714c39de,TTMPCL-622,2ecc53f0-7afb-49d7-bf90-3f0943a7ec82,200000.0,2022-05-04,Consolidated,2dd42d40-4144-43b3-9183-3be2147dad37,5
a6f66091-9a5a-4fb0-bbed-800f38c084ef,TTMPCL-623,2ecc53f0-7afb-49d7-bf90-3f0943a7ec82,20000.0,2023-04-11,Consolidated,2dd42d40-4144-43b3-9183-3be2147dad37,4
75990890-379d-4355-84c5-24ab96fe0d14,TTMPCL-624,2ecc53f0-7afb-49d7-bf90-3f0943a7ec82,20000.0,2024-05-14,Consolidated,2dd42d40-4144-43b3-9183-3be2147dad37,5
59f58c94-1b31-459b-84c6-415451798352,TTMPCL-625,2ecc53f0-7afb-49d7-bf90-3f0943a7ec82,50000.0,2025-05-24,Consolidated,2dd42d40-4144-43b3-9183-3be2147dad37,5
e8c10896-de05-4db4-a949-c9babddde8b5,TTMPCL-626,1383fa38-acb1-4966-a714-3b0a5220806f,160000.0,2023-10-03,Consolidated,f1557f10-bc75-4ad7-a633-1bb5adb9feef,10
dfd043c6-4d90-4bb0-b1fe-031319ab06e1,TTMPCL-627,1383fa38-acb1-4966-a714-3b0a5220806f,60000.0,2024-02-20,Consolidated,f1557f10-bc75-4ad7-a633-1bb5adb9feef,2
1303b46d-506a-4253-90b4-2ab07748da1d,TTMPCL-628,1383fa38-acb1-4966-a714-3b0a5220806f,160000.0,2024-07-17,Consolidated,f1557f10-bc75-4ad7-a633-1bb5adb9feef,7
0ef68057-97a1-4ef9-931c-a7f17170a76d,TTMPCL-629,1383fa38-acb1-4966-a714-3b0a5220806f,170000.0,2025-05-03,Consolidated,f1557f10-bc75-4ad7-a633-1bb5adb9feef,5
92ebb118-1b4f-4201-a070-5e74ad497a53,TTMPCL-630,f1b3a451-d66c-4b80-80d1-5df95314b303,300000.0,2022-11-19,Consolidated,be955f52-d4be-4258-871f-7fc5604b0968,11
15d36e56-b7ed-4b18-bfb1-524b78c81752,TTMPCL-631,f1b3a451-d66c-4b80-80d1-5df95314b303,500000.0,2023-06-20,Consolidated,be955f52-d4be-4258-871f-7fc5604b0968,6
27a2e702-703d-447c-b117-94dc730367aa,TTMPCL-632,f1b3a451-d66c-4b80-80d1-5df95314b303,550000.0,2024-07-19,Consolidated,be955f52-d4be-4258-871f-7fc5604b0968,7
b38554e5-e1df-49ae-a7e1-1730454373c4,TTMPCL-633,f1b3a451-d66c-4b80-80d1-5df95314b303,550000.0,2025-10-30,Consolidated,be955f52-d4be-4258-871f-7fc5604b0968,10
e4ce9395-dfd4-4377-bf20-62fe85426d89,TTMPCL-634,cc0ae273-2beb-4c07-9d39-b98b4e6ae7a1,375000.0,2022-12-10,Consolidated,882484b4-1d69-41db-acbf-dbaf3b71fad9,12
faaf094c-da40-40ea-8d6b-81c40e76f266,TTMPCL-635,cc0ae273-2beb-4c07-9d39-b98b4e6ae7a1,400000.0,2023-10-20,Consolidated,882484b4-1d69-41db-acbf-dbaf3b71fad9,10
350ca130-b601-43ca-ac21-9e556a0c8eec,TTMPCL-636,cc0ae273-2beb-4c07-9d39-b98b4e6ae7a1,420000.0,2024-07-17,Consolidated,882484b4-1d69-41db-acbf-dbaf3b71fad9,7
10acd081-d776-4d83-a3a0-d699475fb8ef,TTMPCL-637,cc0ae273-2beb-4c07-9d39-b98b4e6ae7a1,430000.0,2025-05-30,Consolidated,882484b4-1d69-41db-acbf-dbaf3b71fad9,5
ccee0a08-c505-4ffe-af20-c852c76b3562,TTMPCL-638,a40f9598-2419-44c5-824e-ff89e45f4236,150000.0,2025-03-01,Consolidated,742bf538-c9e0-4e9e-8a53-ba716c180bf2,3
8a6e06ee-7fb0-4b4a-849d-0c0bfa64771c,TTMPCL-639,099ef6b3-d75e-44b8-9775-425ed860fd19,500000.0,2022-12-06,Consolidated,c581c21a-7f75-4d61-8d2a-b7fb3e88c75b,12
2b08acc3-e9ae-4c28-b0dc-9e3015747650,TTMPCL-640,099ef6b3-d75e-44b8-9775-425ed860fd19,600000.0,2023-10-21,Consolidated,c581c21a-7f75-4d61-8d2a-b7fb3e88c75b,10
ba7708f3-4622-4e58-a084-7cb1cf4aca32,TTMPCL-641,099ef6b3-d75e-44b8-9775-425ed860fd19,700000.0,2024-09-25,Consolidated,c581c21a-7f75-4d61-8d2a-b7fb3e88c75b,9
2e020ba6-3425-433d-b9b9-6c56b27a9b3a,TTMPCL-642,099ef6b3-d75e-44b8-9775-425ed860fd19,800000.0,2025-10-25,Consolidated,c581c21a-7f75-4d61-8d2a-b7fb3e88c75b,10
1bf1b5a0-2fe7-45d6-875f-d59c34161b5f,TTMPCL-643,f94ab168-60e5-4aab-aca6-be8adc777d1d,15000.0,2024-09-21,Consolidated,4a438966-5a46-4cbf-8184-a57e82ae2d60,9
369b67b6-635d-4655-aeb7-7e41937d7d61,TTMPCL-644,f94ab168-60e5-4aab-aca6-be8adc777d1d,15000.0,2025-10-23,Consolidated,4a438966-5a46-4cbf-8184-a57e82ae2d60,10
81260769-2c15-42be-8249-ee10696a9e69,TTMPCL-645,2913ea59-56f8-45a6-b3c0-fc2b96bca684,60000.0,2025-05-08,Consolidated,35500a36-00d5-4039-aef1-031352d401b5,5
f78eed6a-fc1c-4980-9c9d-52a3e23a8093,TTMPCL-646,c63d514b-aae5-4e6f-a489-9cc9dcda96bb,40000.0,2023-05-26,Consolidated,7d38b783-c146-414f-856a-7e09c4b9f395,5
1d83d685-7075-4888-8b05-636981f1021a,TTMPCL-647,c63d514b-aae5-4e6f-a489-9cc9dcda96bb,50000.0,2024-02-20,Consolidated,7d38b783-c146-414f-856a-7e09c4b9f395,2
9934b00c-ce46-4ad3-bef6-7d15583dfc78,TTMPCL-648,c63d514b-aae5-4e6f-a489-9cc9dcda96bb,80000.0,2025-02-21,Consolidated,7d38b783-c146-414f-856a-7e09c4b9f395,2
c5f68643-81cd-4a45-a58e-aaeb05b66848,TTMPCL-649,c63d514b-aae5-4e6f-a489-9cc9dcda96bb,10000.0,2025-05-20,Emergency,7d38b783-c146-414f-856a-7e09c4b9f395,5
de6fdfc5-d8e1-463b-b30c-fca02df17d2d,TTMPCL-650,c63d514b-aae5-4e6f-a489-9cc9dcda96bb,10000.0,2025-05-20,Emergency,7d38b783-c146-414f-856a-7e09c4b9f395,5
f951cabf-06cb-4385-ad97-250d327ac13b,TTMPCL-651,bee17542-f3a4-4ea2-a79e-fbe03314051b,50000.0,2022-05-06,Consolidated,76b33b75-06cc-42d7-b112-fc0027e48fd2,5
ee83e9a3-b75e-4526-89bc-e9dd1c4044b0,TTMPCL-652,bee17542-f3a4-4ea2-a79e-fbe03314051b,400000.0,2023-05-05,Consolidated,76b33b75-06cc-42d7-b112-fc0027e48fd2,5
4d47b618-09a1-4d7e-82c7-7110776eb0fc,TTMPCL-653,bee17542-f3a4-4ea2-a79e-fbe03314051b,450000.0,2024-04-04,Consolidated,76b33b75-06cc-42d7-b112-fc0027e48fd2,4
0b679aaa-3d9d-47d9-99c8-65bf4ce8a1b8,TTMPCL-654,bee17542-f3a4-4ea2-a79e-fbe03314051b,450000.0,2025-12-06,Consolidated,76b33b75-06cc-42d7-b112-fc0027e48fd2,12
344bfaec-6512-48ec-8b30-f8bce6e38d4b,TTMPCL-655,5ae8c6b6-4706-47c3-99f1-73cfada29488,50000.0,2022-02-03,Consolidated,9985bf61-4677-4e95-a891-57da7ba6e5d8,2
e6dafb2f-4f3e-4c9e-b700-d15db89b3137,TTMPCL-656,5ae8c6b6-4706-47c3-99f1-73cfada29488,100000.0,2022-11-29,Consolidated,9985bf61-4677-4e95-a891-57da7ba6e5d8,11
0280ecd9-e147-4f88-bbce-8964056d738d,TTMPCL-657,5ae8c6b6-4706-47c3-99f1-73cfada29488,100000.0,2023-12-14,Consolidated,9985bf61-4677-4e95-a891-57da7ba6e5d8,12
a4649300-80ba-411f-a6e1-8309c9901275,TTMPCL-658,5ae8c6b6-4706-47c3-99f1-73cfada29488,100000.0,2024-04-18,Consolidated,9985bf61-4677-4e95-a891-57da7ba6e5d8,4
cd6356b1-7098-4e17-8047-ac3ff7b510da,TTMPCL-659,5ae8c6b6-4706-47c3-99f1-73cfada29488,200000.0,2025-02-27,Consolidated,9985bf61-4677-4e95-a891-57da7ba6e5d8,2
2de420b9-1dff-4acc-babc-79b565b64b1f,TTMPCL-660,e5e65637-e11c-486b-8b11-d61cb9e71086,300000.0,2022-08-11,Consolidated,37dc82ae-5985-4082-b26b-785838bc6171,8
d1de6769-20cc-434a-8682-1d1efafd25de,TTMPCL-661,e5e65637-e11c-486b-8b11-d61cb9e71086,300000.0,2023-02-14,Consolidated,37dc82ae-5985-4082-b26b-785838bc6171,2
2a7ccc1a-c623-4628-afe3-3e37f4fc937b,TTMPCL-662,e5e65637-e11c-486b-8b11-d61cb9e71086,300000.0,2023-08-04,Consolidated,37dc82ae-5985-4082-b26b-785838bc6171,8
10fd5403-f5cf-4cd8-b15f-d34a4c7cafdc,TTMPCL-663,e5e65637-e11c-486b-8b11-d61cb9e71086,300000.0,2023-08-04,Consolidated,37dc82ae-5985-4082-b26b-785838bc6171,8
fa0c274a-1484-4929-ac3d-98f44bd54399,TTMPCL-664,e5e65637-e11c-486b-8b11-d61cb9e71086,350000.0,2025-03-01,Consolidated,37dc82ae-5985-4082-b26b-785838bc6171,3
f3b34a33-cdd4-488a-8c0f-3d47ab4ee72e,TTMPCL-665,e5e65637-e11c-486b-8b11-d61cb9e71086,350000.0,2025-10-22,Consolidated,37dc82ae-5985-4082-b26b-785838bc6171,10
2a5f12a0-8026-4149-90e4-421bb855b4cf,TTMPCL-666,e5e65637-e11c-486b-8b11-d61cb9e71086,20000.0,2022-12-14,Emergency,37dc82ae-5985-4082-b26b-785838bc6171,12
a1eb7567-ad1d-4a0d-880d-077f25dda384,TTMPCL-667,e5e65637-e11c-486b-8b11-d61cb9e71086,20000.0,2023-09-08,Emergency,37dc82ae-5985-4082-b26b-785838bc6171,9
d96d01d5-9c59-4faf-93e0-2afb7f4581c5,TTMPCL-668,e5e65637-e11c-486b-8b11-d61cb9e71086,20000.0,2024-05-07,Emergency,37dc82ae-5985-4082-b26b-785838bc6171,5
933b26a1-65d9-47d7-91fb-7bf142f9c253,TTMPCL-669,e5e65637-e11c-486b-8b11-d61cb9e71086,20000.0,2025-02-08,Emergency,37dc82ae-5985-4082-b26b-785838bc6171,2
fad5b239-07d8-429e-89a2-d7fa0f8d7c01,TTMPCL-670,bdbe1b82-a932-4e7b-946d-b479dd13514a,100000.0,2022-04-06,Consolidated,d99956b8-3445-4d2b-9e85-49a11f67b677,4
769a3a6c-6b79-4aa1-83c1-d2de9ba1a327,TTMPCL-672,6928e7a2-c29e-40c7-96ea-a2669caa1e0a,210000.0,2023-09-07,Consolidated,4a749ee3-f23d-4774-a140-c33a53235030,9
b363c930-b8b6-415f-b793-f53cff5b5d3e,TTMPCL-673,6928e7a2-c29e-40c7-96ea-a2669caa1e0a,200000.0,2024-07-16,Consolidated,4a749ee3-f23d-4774-a140-c33a53235030,7
ee09c5a2-ac33-44cd-b44f-eba9c0f29b8a,TTMPCL-674,31adaaa2-0d49-47ba-b38e-35ea013e85b4,300000.0,2022-05-06,Consolidated,840b8f73-be17-466d-89ba-c3fb068ba8fc,5
7c118d79-845c-4521-b819-28759b165ec4,TTMPCL-675,31adaaa2-0d49-47ba-b38e-35ea013e85b4,215000.0,2024-04-17,Consolidated,840b8f73-be17-466d-89ba-c3fb068ba8fc,4
a7e60c58-0a4b-4186-8d63-840b1b08c4ed,TTMPCL-676,31adaaa2-0d49-47ba-b38e-35ea013e85b4,250000.0,2024-12-14,Consolidated,840b8f73-be17-466d-89ba-c3fb068ba8fc,12
e2d4bafb-e381-4d03-953e-d24514601224,TTMPCL-677,31adaaa2-0d49-47ba-b38e-35ea013e85b4,300000.0,2025-05-24,Consolidated,840b8f73-be17-466d-89ba-c3fb068ba8fc,5
7fab45cc-744f-4e3d-902f-691585159b1f,TTMPCL-679,99b8a404-4b8f-4986-be6d-8f135391a4da,50000.0,2025-04-12,Consolidated,226f9d39-c81f-465b-96da-9ba5c8f79d9d,4
e660e092-32d0-442a-a174-8829169dfe26,TTMPCL-688,15f68088-0c0e-4583-b703-39c835258ad3,130000.0,2025-04-19,Consolidated,35088317-aa3d-472b-b6e5-6549b0ae928f,4
c77773cc-9773-4427-af76-0a31c0262c06,TTMPCL-689,af277906-c5f1-49c7-b114-f5d26a9f5c6f,325000.0,2022-11-08,Consolidated,75a41c28-eccb-43f3-9a14-e9fcc03c4911,11
a6552fa7-89d5-4439-a846-4a9aac37ddc4,TTMPCL-690,af277906-c5f1-49c7-b114-f5d26a9f5c6f,300000.0,2023-07-04,Consolidated,75a41c28-eccb-43f3-9a14-e9fcc03c4911,7
10a1497a-bf4d-48ac-9c98-174a821e5d74,TTMPCL-691,af277906-c5f1-49c7-b114-f5d26a9f5c6f,300000.0,2024-01-13,Consolidated,75a41c28-eccb-43f3-9a14-e9fcc03c4911,1
28f105e2-f414-43d2-9925-d170320582e6,TTMPCL-692,af277906-c5f1-49c7-b114-f5d26a9f5c6f,300000.0,2024-08-30,Consolidated,75a41c28-eccb-43f3-9a14-e9fcc03c4911,8
87215d99-5c35-4823-85c0-4f9f218cd008,TTMPCL-693,af277906-c5f1-49c7-b114-f5d26a9f5c6f,300000.0,2025-03-01,Consolidated,75a41c28-eccb-43f3-9a14-e9fcc03c4911,3
6647f054-92ab-4d36-92ac-076ef0b35ca0,TTMPCL-694,8a8213f2-cbf1-46aa-8b1b-7aeff44694ac,700000.0,2023-02-15,Consolidated,a4d15110-9fab-4dd3-a137-9da5b0b3384b,2
4caa9251-955e-457f-87b0-5ed363879cf8,TTMPCL-696,0ec34b8e-18d3-4586-81a4-fe5f36cce20c,100000.0,2022-09-07,Consolidated,bc666198-91a5-4bc1-a8c8-4eb5a2c5c4eb,9
392ca042-e7a0-4d02-a508-b3c83f20977e,TTMPCL-697,0ec34b8e-18d3-4586-81a4-fe5f36cce20c,100000.0,2023-06-21,Consolidated,bc666198-91a5-4bc1-a8c8-4eb5a2c5c4eb,6
d26f8966-710c-4932-a6d2-2898258a846a,TTMPCL-698,0ec34b8e-18d3-4586-81a4-fe5f36cce20c,150000.0,2024-04-06,Consolidated,bc666198-91a5-4bc1-a8c8-4eb5a2c5c4eb,4
af8a123b-f376-4bc9-b4c3-cba381ccbe84,TTMPCL-699,0ec34b8e-18d3-4586-81a4-fe5f36cce20c,200000.0,2024-12-21,Consolidated,bc666198-91a5-4bc1-a8c8-4eb5a2c5c4eb,12
cad1baeb-b9d3-4842-81a6-ff22423d10d8,TTMPCL-700,0ec34b8e-18d3-4586-81a4-fe5f36cce20c,200000.0,2025-10-15,Consolidated,bc666198-91a5-4bc1-a8c8-4eb5a2c5c4eb,10
9f6e640a-af3e-4350-aff6-97477b90f3a3,TTMPCL-701,92a2f934-b1ae-4626-b710-8f669e6fb0af,275000.0,2022-08-20,Consolidated,cc6107a1-b2d4-40db-b136-f3bbb03d0496,8
d9495b53-e905-44d8-8ebd-a7cf045948b6,TTMPCL-702,92a2f934-b1ae-4626-b710-8f669e6fb0af,275000.0,2023-02-28,Consolidated,cc6107a1-b2d4-40db-b136-f3bbb03d0496,2
5ab2d632-5c97-422e-ad46-08b937fc6b3b,TTMPCL-703,92a2f934-b1ae-4626-b710-8f669e6fb0af,210000.0,2024-02-07,Consolidated,cc6107a1-b2d4-40db-b136-f3bbb03d0496,2
bde04542-c491-4c12-9e32-a0d8a06ad76c,TTMPCL-704,92a2f934-b1ae-4626-b710-8f669e6fb0af,210000.0,2024-07-12,Consolidated,cc6107a1-b2d4-40db-b136-f3bbb03d0496,7
b9cfc122-b0cc-43ca-ac82-3c710a432735,TTMPCL-705,92a2f934-b1ae-4626-b710-8f669e6fb0af,150000.0,2025-06-14,Consolidated,cc6107a1-b2d4-40db-b136-f3bbb03d0496,6
5b0a2949-ee2a-406e-9117-0ab63d80567e,TTMPCL-707,92a2f934-b1ae-4626-b710-8f669e6fb0af,20000.0,2024-05-28,Emergency,cc6107a1-b2d4-40db-b136-f3bbb03d0496,5
98fb4767-d33a-4ee5-81a3-1b101ca0bb41,TTMPCL-708,92a2f934-b1ae-4626-b710-8f669e6fb0af,20000.0,2025-08-16,Emergency,cc6107a1-b2d4-40db-b136-f3bbb03d0496,8
fffc32aa-9ca7-4fb4-9155-5727208e66f5,TTMPCL-710,d0fb6961-d2d9-477d-9f92-6bb2a61ab6aa,100000.0,2024-05-08,Consolidated,d5662033-bb2d-4f32-98b8-6193989a8cc5,5
e60941a3-30cc-4589-8711-9ebf989c1c09,TTMPCL-712,21f31ae8-966c-4f49-9695-ef9d2056baf8,100000.0,2024-05-24,Consolidated,4b8feae4-f480-4ba5-bc08-e6353c842f3d,5
f15b4c74-515c-48ff-92e6-ef0f12326cb5,TTMPCL-713,faa0d8ee-74a1-4f03-8b8f-747f2dbe848b,110000.0,2022-04-02,Consolidated,d66d6adf-24e1-440d-92ab-fe00cbb3e638,4
ff681e4f-e7ae-44bb-9a11-51e89c1b45aa,TTMPCL-714,faa0d8ee-74a1-4f03-8b8f-747f2dbe848b,160000.0,2023-07-04,Consolidated,d66d6adf-24e1-440d-92ab-fe00cbb3e638,7
9c9b5afe-ff2a-4d96-a207-d6eef29ccc88,TTMPCL-715,faa0d8ee-74a1-4f03-8b8f-747f2dbe848b,160000.0,2024-06-01,Consolidated,d66d6adf-24e1-440d-92ab-fe00cbb3e638,6
9f116a78-4b0a-4977-b79a-c0af2e5abe51,TTMPCL-716,faa0d8ee-74a1-4f03-8b8f-747f2dbe848b,160000.0,2025-03-29,Consolidated,d66d6adf-24e1-440d-92ab-fe00cbb3e638,3
7ac66fea-96a8-411c-a566-65513cd43a6e,TTMPCL-717,faa0d8ee-74a1-4f03-8b8f-747f2dbe848b,400000.0,2025-08-13,Consolidated,d66d6adf-24e1-440d-92ab-fe00cbb3e638,8
4e78be59-0acd-4f78-a5d9-5d81a7a19ab7,TTMPCL-718,6eb40eb6-e6e8-4b5d-9659-2d87ee1138f5,15000.0,2024-02-29,Consolidated,a696d393-6ed9-46ca-9010-c34db6856bc9,2
ef6df4e7-4b5c-448a-b552-007721f20a93,TTMPCL-719,6eb40eb6-e6e8-4b5d-9659-2d87ee1138f5,100000.0,2024-05-11,Consolidated,a696d393-6ed9-46ca-9010-c34db6856bc9,5
50eb7940-2f2c-482c-9159-cfb09bfe53a5,TTMPCL-720,6eb40eb6-e6e8-4b5d-9659-2d87ee1138f5,50000.0,2024-05-21,Consolidated,a696d393-6ed9-46ca-9010-c34db6856bc9,5
21bc3dee-ef68-4782-94d6-de84b89f7066,TTMPCL-721,6eb40eb6-e6e8-4b5d-9659-2d87ee1138f5,50000.0,2025-11-13,Consolidated,a696d393-6ed9-46ca-9010-c34db6856bc9,11
4f1ea296-44e5-4a7e-af0b-cfe21fef5924,TTMPCL-723,c0d8f38a-77f2-4ac0-ab22-d405bacd592f,50000.0,2022-12-01,Consolidated,21005c5c-6ad1-4920-b1bb-5ddf5f8d7d4d,12
87ef7f75-caf5-46bf-a91b-9e07278d5719,TTMPCL-724,9ae9923b-a9f7-4069-bae6-88f3b65fd894,170000.0,2022-10-11,Consolidated,7855d9b0-2ff1-4916-950a-aeffc05a9003,10
c9b2fed8-d727-4813-9a84-1cb557667928,TTMPCL-725,5a6ad89c-266f-4e06-a763-ff656dc33f0a,60000.0,2022-05-17,Consolidated,4cbff9ad-7b8f-472f-9ca1-d3a8886145b3,5
ea7d1a42-7600-4507-b031-9e32a234d266,TTMPCL-726,5a6ad89c-266f-4e06-a763-ff656dc33f0a,80000.0,2024-04-03,Consolidated,4cbff9ad-7b8f-472f-9ca1-d3a8886145b3,4
1e40cbfc-92d3-411a-bae4-16630e8df052,TTMPCL-727,5a6ad89c-266f-4e06-a763-ff656dc33f0a,80000.0,2025-09-17,Consolidated,4cbff9ad-7b8f-472f-9ca1-d3a8886145b3,9
127a28b6-a537-4314-ac8e-2a08f2fe6587,TTMPCL-728,73079986-3d01-4a87-9606-1a9455501a6a,150000.0,2022-02-05,Consolidated,cd88b632-2cdd-4e01-8f6a-1b384a3c1277,2
5fe671a0-da50-4bb4-b342-1e28629541f7,TTMPCL-729,73079986-3d01-4a87-9606-1a9455501a6a,175000.0,2023-02-02,Consolidated,cd88b632-2cdd-4e01-8f6a-1b384a3c1277,2
1ec0443b-da17-45ca-9a2a-d0107f75430d,TTMPCL-730,73079986-3d01-4a87-9606-1a9455501a6a,200000.0,2024-04-07,Consolidated,cd88b632-2cdd-4e01-8f6a-1b384a3c1277,4
e5f6ee82-7769-442e-9426-7b3d9742866f,TTMPCL-731,73079986-3d01-4a87-9606-1a9455501a6a,200000.0,2025-05-07,Consolidated,cd88b632-2cdd-4e01-8f6a-1b384a3c1277,5
0e2284eb-4cf1-4adc-a4cb-be029cd8e80a,TTMPCL-734,ef84d695-55fe-48d0-8e1b-918bfefc8196,50000.0,2023-04-15,Consolidated,167424f1-7e22-46e9-b18e-535bd09979dd,4
7aa743b7-73c5-4a2a-9150-e0d244ed2e4b,TTMPCL-735,ef84d695-55fe-48d0-8e1b-918bfefc8196,300000.0,2023-12-21,Consolidated,167424f1-7e22-46e9-b18e-535bd09979dd,12
fe1f13a8-c7fd-474a-83d5-6e62835dfd98,TTMPCL-736,ef84d695-55fe-48d0-8e1b-918bfefc8196,190000.0,2025-05-22,Consolidated,167424f1-7e22-46e9-b18e-535bd09979dd,5
4810fcf0-1a03-4070-8968-02dd951afbc2,TTMPCL-738,ba27d654-8e66-4b47-82c4-d7ae710c5a94,150000.0,2023-06-27,Consolidated,2ec12379-8dcd-4f82-9c68-7b195b40720d,6
38311d4b-3140-4ac3-b6e3-dd034340a052,TTMPCL-739,ba27d654-8e66-4b47-82c4-d7ae710c5a94,50000.0,2025-12-16,Consolidated,2ec12379-8dcd-4f82-9c68-7b195b40720d,12
c4603dd9-eebc-4afa-9511-5b7475e38603,TTMPCL-743,e3a01927-1d98-4313-9427-7118f4c888ec,60000.0,2024-01-16,Consolidated,9eee42c5-de9c-4b5f-999a-7f96bfa4a004,1
39eb1fe1-2967-4ed4-9ca0-7d675ec24e89,TTMPCL-744,e3a01927-1d98-4313-9427-7118f4c888ec,200000.0,2025-08-13,Consolidated,9eee42c5-de9c-4b5f-999a-7f96bfa4a004,8
37ac2cd7-9802-4c4c-9db9-a764449e5f20,TTMPCL-747,f0d8ed0b-75a5-44bd-baa4-f30862cfdf7a,700000.0,2022-03-29,Consolidated,f54c2267-609e-495e-bd58-0edfe9379c4c,3
b608666b-1335-4113-a5f6-196442c495d6,TTMPCL-748,f0d8ed0b-75a5-44bd-baa4-f30862cfdf7a,700000.0,2023-07-18,Consolidated,f54c2267-609e-495e-bd58-0edfe9379c4c,7
c599cc2f-faed-4aad-be91-ce09efa93487,TTMPCL-749,f0d8ed0b-75a5-44bd-baa4-f30862cfdf7a,700000.0,2024-09-13,Consolidated,f54c2267-609e-495e-bd58-0edfe9379c4c,9
1ac99460-a3a2-4dd8-b879-5973e936501e,TTMPCL-750,f0d8ed0b-75a5-44bd-baa4-f30862cfdf7a,700000.0,2025-07-19,Consolidated,f54c2267-609e-495e-bd58-0edfe9379c4c,7
f35473a4-00a5-4b85-9ddb-b93e5f86793e,TTMPCL-751,db705f91-d02c-47fa-aa45-c2416972e02f,110000.0,2022-08-23,Consolidated,832cedd2-18cb-4467-bdf2-67c89cabcc42,8
cacd6a03-741a-4059-8da3-5bb9bef6c628,TTMPCL-752,db705f91-d02c-47fa-aa45-c2416972e02f,110000.0,2023-07-07,Consolidated,832cedd2-18cb-4467-bdf2-67c89cabcc42,7
